-- MySQL dump 10.13  Distrib 5.7.18, for Linux (x86_64)
--
-- Host: localhost    Database: parkway
-- ------------------------------------------------------
-- Server version	5.7.18-0ubuntu0.16.04.1

/*!40101 SET @OLD_CHARACTER_SET_CLIENT=@@CHARACTER_SET_CLIENT */;
/*!40101 SET @OLD_CHARACTER_SET_RESULTS=@@CHARACTER_SET_RESULTS */;
/*!40101 SET @OLD_COLLATION_CONNECTION=@@COLLATION_CONNECTION */;
/*!40101 SET NAMES utf8 */;
/*!40103 SET @OLD_TIME_ZONE=@@TIME_ZONE */;
/*!40103 SET TIME_ZONE='+00:00' */;
/*!40014 SET @OLD_UNIQUE_CHECKS=@@UNIQUE_CHECKS, UNIQUE_CHECKS=0 */;
/*!40014 SET @OLD_FOREIGN_KEY_CHECKS=@@FOREIGN_KEY_CHECKS, FOREIGN_KEY_CHECKS=0 */;
/*!40101 SET @OLD_SQL_MODE=@@SQL_MODE, SQL_MODE='NO_AUTO_VALUE_ON_ZERO' */;
/*!40111 SET @OLD_SQL_NOTES=@@SQL_NOTES, SQL_NOTES=0 */;

--
-- Table structure for table `address`
--

DROP TABLE IF EXISTS `address`;
/*!40101 SET @saved_cs_client     = @@character_set_client */;
/*!40101 SET character_set_client = utf8 */;
CREATE TABLE `address` (
  `id` int(11) NOT NULL AUTO_INCREMENT,
  `address` varchar(1024) COLLATE utf8_unicode_ci DEFAULT NULL,
  `postCode` varchar(255) COLLATE utf8_unicode_ci NOT NULL,
  `userId` int(11) NOT NULL,
  `mobileNumber` varchar(255) COLLATE utf8_unicode_ci NOT NULL,
  PRIMARY KEY (`id`),
  UNIQUE KEY `UNIQ_D4E6F81631A48FA` (`userId`),
  CONSTRAINT `FK_D4E6F81631A48FA` FOREIGN KEY (`userId`) REFERENCES `users` (`id`)
) ENGINE=InnoDB DEFAULT CHARSET=utf8 COLLATE=utf8_unicode_ci;
/*!40101 SET character_set_client = @saved_cs_client */;

--
-- Dumping data for table `address`
--

LOCK TABLES `address` WRITE;
/*!40000 ALTER TABLE `address` DISABLE KEYS */;
/*!40000 ALTER TABLE `address` ENABLE KEYS */;
UNLOCK TABLES;

--
-- Table structure for table `audit`
--

DROP TABLE IF EXISTS `audit`;
/*!40101 SET @saved_cs_client     = @@character_set_client */;
/*!40101 SET character_set_client = utf8 */;
CREATE TABLE `audit` (
  `id` int(11) NOT NULL AUTO_INCREMENT,
  `targetuser_id` int(11) DEFAULT NULL,
  `user_id` int(11) DEFAULT NULL,
  `action` varchar(255) COLLATE utf8_unicode_ci NOT NULL,
  `datetime` datetime NOT NULL,
  PRIMARY KEY (`id`),
  KEY `IDX_9218FF795757D3A6` (`targetuser_id`),
  KEY `IDX_9218FF79A76ED395` (`user_id`),
  CONSTRAINT `FK_9218FF795757D3A6` FOREIGN KEY (`targetuser_id`) REFERENCES `users` (`id`),
  CONSTRAINT `FK_9218FF79A76ED395` FOREIGN KEY (`user_id`) REFERENCES `users` (`id`)
) ENGINE=InnoDB AUTO_INCREMENT=10 DEFAULT CHARSET=utf8 COLLATE=utf8_unicode_ci;
/*!40101 SET character_set_client = @saved_cs_client */;

--
-- Dumping data for table `audit`
--

LOCK TABLES `audit` WRITE;
/*!40000 ALTER TABLE `audit` DISABLE KEYS */;
INSERT INTO `audit` VALUES (1,62,1,'ADD USER','2017-08-09 12:50:23'),(2,56,1,'EDIT USER','2017-08-09 12:57:26'),(3,58,1,'EDIT USER','2017-08-09 12:57:54'),(4,59,1,'EDIT USER','2017-08-09 13:02:05'),(5,57,1,'DELETE USER','2017-08-09 13:02:44'),(6,62,1,'DELETE USER','2017-08-09 15:05:34'),(7,55,1,'DELETE USER','2017-08-09 15:05:40'),(8,56,1,'DELETE USER','2017-08-09 15:05:46'),(9,1,1,'EDIT USER','2017-08-09 15:06:30');
/*!40000 ALTER TABLE `audit` ENABLE KEYS */;
UNLOCK TABLES;

--
-- Table structure for table `class_subject`
--

DROP TABLE IF EXISTS `class_subject`;
/*!40101 SET @saved_cs_client     = @@character_set_client */;
/*!40101 SET character_set_client = utf8 */;
CREATE TABLE `class_subject` (
  `id` int(11) NOT NULL AUTO_INCREMENT,
  `class_id` int(11) DEFAULT NULL,
  `subject_id` int(11) DEFAULT NULL,
  PRIMARY KEY (`id`),
  KEY `IDX_3EBB5986EA000B10` (`class_id`),
  KEY `IDX_3EBB598623EDC87` (`subject_id`),
  CONSTRAINT `FK_3EBB598623EDC87` FOREIGN KEY (`subject_id`) REFERENCES `subject` (`id`),
  CONSTRAINT `FK_3EBB5986EA000B10` FOREIGN KEY (`class_id`) REFERENCES `classes` (`id`)
) ENGINE=InnoDB AUTO_INCREMENT=114 DEFAULT CHARSET=utf8 COLLATE=utf8_unicode_ci;
/*!40101 SET character_set_client = @saved_cs_client */;

--
-- Dumping data for table `class_subject`
--

LOCK TABLES `class_subject` WRITE;
/*!40000 ALTER TABLE `class_subject` DISABLE KEYS */;
INSERT INTO `class_subject` VALUES (105,48,106),(107,48,104),(108,48,107),(111,50,104),(112,50,107),(113,48,108);
/*!40000 ALTER TABLE `class_subject` ENABLE KEYS */;
UNLOCK TABLES;

--
-- Table structure for table `classes`
--

DROP TABLE IF EXISTS `classes`;
/*!40101 SET @saved_cs_client     = @@character_set_client */;
/*!40101 SET character_set_client = utf8 */;
CREATE TABLE `classes` (
  `id` int(11) NOT NULL AUTO_INCREMENT,
  `className` varchar(255) COLLATE utf8_unicode_ci NOT NULL,
  PRIMARY KEY (`id`),
  UNIQUE KEY `UNIQ_2ED7EC5C5F3B03E` (`className`)
) ENGINE=InnoDB AUTO_INCREMENT=51 DEFAULT CHARSET=utf8 COLLATE=utf8_unicode_ci;
/*!40101 SET character_set_client = @saved_cs_client */;

--
-- Dumping data for table `classes`
--

LOCK TABLES `classes` WRITE;
/*!40000 ALTER TABLE `classes` DISABLE KEYS */;
INSERT INTO `classes` VALUES (49,'11E'),(50,'12A'),(48,'12D');
/*!40000 ALTER TABLE `classes` ENABLE KEYS */;
UNLOCK TABLES;

--
-- Table structure for table `contact`
--

DROP TABLE IF EXISTS `contact`;
/*!40101 SET @saved_cs_client     = @@character_set_client */;
/*!40101 SET character_set_client = utf8 */;
CREATE TABLE `contact` (
  `userId` int(11) NOT NULL AUTO_INCREMENT,
  `address` varchar(255) COLLATE utf8_unicode_ci NOT NULL,
  `postCode` varchar(255) COLLATE utf8_unicode_ci NOT NULL,
  `contactNumber` varchar(255) COLLATE utf8_unicode_ci NOT NULL,
  PRIMARY KEY (`userId`),
  UNIQUE KEY `UNIQ_4C62E63864B64DCC` (`userId`)
) ENGINE=InnoDB AUTO_INCREMENT=63 DEFAULT CHARSET=utf8 COLLATE=utf8_unicode_ci;
/*!40101 SET character_set_client = @saved_cs_client */;

--
-- Dumping data for table `contact`
--

LOCK TABLES `contact` WRITE;
/*!40000 ALTER TABLE `contact` DISABLE KEYS */;
INSERT INTO `contact` VALUES (1,'dummy1','61000','621546888'),(55,'mbhvb','hhjk','jkgkygj'),(56,'vjhbkjh','nmbhkk','jhhoi'),(57,'ret','adres','12312123'),(58,'dsghhj','adres','123121232312321313'),(59,'dsghhj','qweqeqeqe','12345678931'),(62,'22222222','123123131','12321313131313');
/*!40000 ALTER TABLE `contact` ENABLE KEYS */;
UNLOCK TABLES;

--
-- Table structure for table `departments`
--

DROP TABLE IF EXISTS `departments`;
/*!40101 SET @saved_cs_client     = @@character_set_client */;
/*!40101 SET character_set_client = utf8 */;
CREATE TABLE `departments` (
  `id` int(11) NOT NULL AUTO_INCREMENT,
  `name` varchar(255) COLLATE utf8_unicode_ci NOT NULL,
  `parentid` int(11) DEFAULT NULL,
  PRIMARY KEY (`id`),
  UNIQUE KEY `UNIQ_16AEB8D45E237E06` (`name`),
  KEY `IDX_16AEB8D4856A684C` (`parentid`),
  CONSTRAINT `FK_16AEB8D4856A684C` FOREIGN KEY (`parentid`) REFERENCES `departments` (`id`)
) ENGINE=InnoDB AUTO_INCREMENT=7 DEFAULT CHARSET=utf8 COLLATE=utf8_unicode_ci;
/*!40101 SET character_set_client = @saved_cs_client */;

--
-- Dumping data for table `departments`
--

LOCK TABLES `departments` WRITE;
/*!40000 ALTER TABLE `departments` DISABLE KEYS */;
INSERT INTO `departments` VALUES (1,'Accountss',NULL),(2,'Admin',NULL),(3,'IT',NULL),(4,'PHP-Stack',3),(6,'Front-end',4);
/*!40000 ALTER TABLE `departments` ENABLE KEYS */;
UNLOCK TABLES;

--
-- Table structure for table `student`
--

DROP TABLE IF EXISTS `student`;
/*!40101 SET @saved_cs_client     = @@character_set_client */;
/*!40101 SET character_set_client = utf8 */;
CREATE TABLE `student` (
  `id` int(11) NOT NULL AUTO_INCREMENT,
  `classId` int(11) DEFAULT NULL,
  `user_id` int(11) DEFAULT NULL,
  PRIMARY KEY (`id`),
  UNIQUE KEY `UNIQ_B723AF33BF396750` (`id`),
  KEY `IDX_B723AF33A76ED395` (`user_id`),
  KEY `IDX_B723AF33B80F90AC` (`classId`),
  CONSTRAINT `FK_B723AF33A76ED395` FOREIGN KEY (`user_id`) REFERENCES `users` (`id`),
  CONSTRAINT `FK_B723AF33B80F90AC` FOREIGN KEY (`classId`) REFERENCES `classes` (`id`)
) ENGINE=InnoDB DEFAULT CHARSET=utf8 COLLATE=utf8_unicode_ci;
/*!40101 SET character_set_client = @saved_cs_client */;

--
-- Dumping data for table `student`
--

LOCK TABLES `student` WRITE;
/*!40000 ALTER TABLE `student` DISABLE KEYS */;
/*!40000 ALTER TABLE `student` ENABLE KEYS */;
UNLOCK TABLES;

--
-- Table structure for table `subject`
--

DROP TABLE IF EXISTS `subject`;
/*!40101 SET @saved_cs_client     = @@character_set_client */;
/*!40101 SET character_set_client = utf8 */;
CREATE TABLE `subject` (
  `id` int(11) NOT NULL AUTO_INCREMENT,
  `name` varchar(255) COLLATE utf8_unicode_ci NOT NULL,
  PRIMARY KEY (`id`),
  UNIQUE KEY `UNIQ_FBCE3E7A5E237E06` (`name`)
) ENGINE=InnoDB AUTO_INCREMENT=109 DEFAULT CHARSET=utf8 COLLATE=utf8_unicode_ci;
/*!40101 SET character_set_client = @saved_cs_client */;

--
-- Dumping data for table `subject`
--

LOCK TABLES `subject` WRITE;
/*!40000 ALTER TABLE `subject` DISABLE KEYS */;
INSERT INTO `subject` VALUES (106,'Accounts'),(104,'Econ'),(107,'Gym'),(108,'Physics');
/*!40000 ALTER TABLE `subject` ENABLE KEYS */;
UNLOCK TABLES;

--
-- Table structure for table `teacher`
--

DROP TABLE IF EXISTS `teacher`;
/*!40101 SET @saved_cs_client     = @@character_set_client */;
/*!40101 SET character_set_client = utf8 */;
CREATE TABLE `teacher` (
  `id` int(11) NOT NULL AUTO_INCREMENT,
  `user_id` int(11) DEFAULT NULL,
  `class_id` int(11) DEFAULT NULL,
  PRIMARY KEY (`id`),
  KEY `IDX_B0F6A6D5A76ED395` (`user_id`),
  KEY `IDX_B0F6A6D5EA000B10` (`class_id`),
  CONSTRAINT `FK_B0F6A6D5A76ED395` FOREIGN KEY (`user_id`) REFERENCES `users` (`id`),
  CONSTRAINT `FK_B0F6A6D5EA000B10` FOREIGN KEY (`class_id`) REFERENCES `classes` (`id`)
) ENGINE=InnoDB DEFAULT CHARSET=utf8 COLLATE=utf8_unicode_ci;
/*!40101 SET character_set_client = @saved_cs_client */;

--
-- Dumping data for table `teacher`
--

LOCK TABLES `teacher` WRITE;
/*!40000 ALTER TABLE `teacher` DISABLE KEYS */;
/*!40000 ALTER TABLE `teacher` ENABLE KEYS */;
UNLOCK TABLES;

--
-- Table structure for table `teacher_subjects`
--

DROP TABLE IF EXISTS `teacher_subjects`;
/*!40101 SET @saved_cs_client     = @@character_set_client */;
/*!40101 SET character_set_client = utf8 */;
CREATE TABLE `teacher_subjects` (
  `id` int(11) NOT NULL AUTO_INCREMENT,
  `user_id` int(11) DEFAULT NULL,
  `subject_id` int(11) DEFAULT NULL,
  PRIMARY KEY (`id`),
  KEY `IDX_AA332A9CA76ED395` (`user_id`),
  KEY `IDX_AA332A9C23EDC87` (`subject_id`),
  CONSTRAINT `FK_AA332A9C23EDC87` FOREIGN KEY (`subject_id`) REFERENCES `subject` (`id`),
  CONSTRAINT `FK_AA332A9CA76ED395` FOREIGN KEY (`user_id`) REFERENCES `users` (`id`)
) ENGINE=InnoDB DEFAULT CHARSET=utf8 COLLATE=utf8_unicode_ci;
/*!40101 SET character_set_client = @saved_cs_client */;

--
-- Dumping data for table `teacher_subjects`
--

LOCK TABLES `teacher_subjects` WRITE;
/*!40000 ALTER TABLE `teacher_subjects` DISABLE KEYS */;
/*!40000 ALTER TABLE `teacher_subjects` ENABLE KEYS */;
UNLOCK TABLES;

--
-- Table structure for table `user_token`
--

DROP TABLE IF EXISTS `user_token`;
/*!40101 SET @saved_cs_client     = @@character_set_client */;
/*!40101 SET character_set_client = utf8 */;
CREATE TABLE `user_token` (
  `id` int(11) NOT NULL AUTO_INCREMENT,
  PRIMARY KEY (`id`)
) ENGINE=InnoDB DEFAULT CHARSET=utf8 COLLATE=utf8_unicode_ci;
/*!40101 SET character_set_client = @saved_cs_client */;

--
-- Dumping data for table `user_token`
--

LOCK TABLES `user_token` WRITE;
/*!40000 ALTER TABLE `user_token` DISABLE KEYS */;
/*!40000 ALTER TABLE `user_token` ENABLE KEYS */;
UNLOCK TABLES;

--
-- Table structure for table `users`
--

DROP TABLE IF EXISTS `users`;
/*!40101 SET @saved_cs_client     = @@character_set_client */;
/*!40101 SET character_set_client = utf8 */;
CREATE TABLE `users` (
  `id` int(11) NOT NULL AUTO_INCREMENT,
  `username` varchar(180) COLLATE utf8_unicode_ci NOT NULL,
  `username_canonical` varchar(180) COLLATE utf8_unicode_ci NOT NULL,
  `email` varchar(180) COLLATE utf8_unicode_ci NOT NULL,
  `email_canonical` varchar(180) COLLATE utf8_unicode_ci NOT NULL,
  `enabled` tinyint(1) NOT NULL,
  `salt` varchar(255) COLLATE utf8_unicode_ci DEFAULT NULL,
  `password` varchar(255) COLLATE utf8_unicode_ci NOT NULL,
  `last_login` datetime DEFAULT NULL,
  `confirmation_token` varchar(180) COLLATE utf8_unicode_ci DEFAULT NULL,
  `password_requested_at` datetime DEFAULT NULL,
  `roles` longtext COLLATE utf8_unicode_ci NOT NULL COMMENT '(DC2Type:array)',
  `phoneNumber` varchar(255) COLLATE utf8_unicode_ci NOT NULL,
  `validationNumber` varchar(255) COLLATE utf8_unicode_ci DEFAULT NULL,
  `token` int(11) DEFAULT NULL,
  `firstname` varchar(255) COLLATE utf8_unicode_ci NOT NULL,
  `lastname` varchar(255) COLLATE utf8_unicode_ci NOT NULL,
  `deviceToken` varchar(255) COLLATE utf8_unicode_ci DEFAULT NULL,
  `locale` varchar(255) COLLATE utf8_unicode_ci DEFAULT NULL,
  `update_time` datetime DEFAULT NULL,
  `updated` tinyint(1) DEFAULT NULL,
  `department_id` int(11) DEFAULT NULL,
  PRIMARY KEY (`id`),
  UNIQUE KEY `UNIQ_1483A5E992FC23A8` (`username_canonical`),
  UNIQUE KEY `UNIQ_1483A5E9A0D96FBF` (`email_canonical`),
  UNIQUE KEY `UNIQ_1483A5E9BF396750` (`id`),
  UNIQUE KEY `UNIQ_1483A5E9C05FB297` (`confirmation_token`),
  KEY `IDX_1483A5E95F37A13B` (`token`),
  KEY `IDX_1483A5E9AE80F5DF` (`department_id`),
  CONSTRAINT `FK_1483A5E95F37A13B` FOREIGN KEY (`token`) REFERENCES `users_tokens` (`id`),
  CONSTRAINT `FK_1483A5E9AE80F5DF` FOREIGN KEY (`department_id`) REFERENCES `departments` (`id`),
  CONSTRAINT `FK_1483A5E9BF396750` FOREIGN KEY (`id`) REFERENCES `contact` (`userId`)
) ENGINE=InnoDB AUTO_INCREMENT=63 DEFAULT CHARSET=utf8 COLLATE=utf8_unicode_ci;
/*!40101 SET character_set_client = @saved_cs_client */;

--
-- Dumping data for table `users`
--

LOCK TABLES `users` WRITE;
/*!40000 ALTER TABLE `users` DISABLE KEYS */;
INSERT INTO `users` VALUES (1,'adminuser','adminuser','xenonelive@gmail.com','xenonelive@gmail.com',1,'k3t09iz5sfkow4o0cgwgww88s04kss4','7oh1plbI/8WcVP2pjfOB9mdzETZvgrjKKmV01UC1/CSGjlHncgbFs7Ld7kIm/f4Z3KPZo+x4bTXEIc++4E2H5w==','2017-08-09 12:58:54',NULL,NULL,'a:1:{i:0;s:10:\"ROLE_ADMIN\";}','0494434069aa','7DA3ED9',NULL,'Administrator','User',NULL,'en',NULL,NULL,NULL),(55,'abcd','abcd','aye@gmail.com','aye@gmail.com',0,'lKXpzAQ2EHPcM/T/uFD4GW42QytwyAsrJaclcLv81m8','UA4y9glp90eJYjn20Q6OaQeS+LsKo/Ak+zTiAW1SvlSfUn+myBSsed6SCRiV9hQAOf9sDFaAUt1QQANgxXI3hw==',NULL,NULL,NULL,'a:1:{i:0;s:12:\"ROLE_STUDENT\";}','043123123123',NULL,NULL,'aye','jay',NULL,'en',NULL,NULL,NULL),(56,'ghfuguu','ghfuguu','fyuuhu@gjhj.com','fyuuhu@gjhj.com',0,'HzBlD9aiHbpKGvaWI1pA.KG4GgHyyiKHotpBjbyEbRY','9JHqMIBVohT2yfwOTdzOBTph/37a1U1/ecDSqUk1iZgedWntzZiD42RirBLe8HIy1q4kms8vLvqbidb0/xOWLQ==',NULL,NULL,NULL,'a:1:{i:0;s:8:\"EMPLOYEE\";}','234123123123',NULL,NULL,'Dalmm','Pasn',NULL,'en',NULL,NULL,3),(57,'teacher123','teacher123','abcde@gmaul.comasas','abcde@gmaul.comasas',0,'KJD1DkWu5AnZGqFLPEHlG32Re75YUZztetLL/JiY0HQ','+BgmoD8H6PKPhoMnCbNS4Nr3ff+CEerryYlDbetZjgE4IKWJZER+ngETN2MxlLGJyVvAy6Rrdd2snJN53OdC8A==',NULL,NULL,NULL,'a:1:{i:0;s:12:\"ROLE_STUDENT\";}','12123123123',NULL,NULL,'Teacher','Last Teacher Name',NULL,'en',NULL,NULL,NULL),(58,'buddy','buddy','detest-edudcator@ret.comweas','detest-edudcator@ret.comweas',1,'SBgfI0KKdFXSC7RFRS0dcWRu11mEAGLAFFGxfsyJBuo','zbvz3M3j7XPHmSDgXuNDyXaoc7iaGLuw2V2EwLBNmBROAdg3j/3YThOJPxafEGN6LG0a2Mb6yUYeUgUTAuD+IA==',NULL,NULL,NULL,'a:1:{i:0;s:8:\"EMPLOYEE\";}','1231231231234234132',NULL,NULL,'Emplyee','Buddyy',NULL,'en',NULL,NULL,1),(59,'adminemplyee','adminemplyee','sdfdsf@fsdfsd.com','sdfdsf@fsdfsd.com',1,'eqyO1Zh7Yt/5qwlS3u6WCs1cEoWVqWkYcsVCEs1ojuY','/jPK5qMMtERrO/JphbBfw7lWO6F8Qn2S8d3yTe1y8yTUamFmOkfOC32JcdyokfCraZGTSftpsOAJWPGozH3rfg==',NULL,NULL,NULL,'a:1:{i:0;s:8:\"EMPLOYEE\";}','12312312313123',NULL,NULL,'somee','user',NULL,'nl',NULL,NULL,4),(62,'123123123','123123123','fdsfsf@dsfsdf.comsdsdf','fdsfsf@dsfsdf.comsdsdf',0,'WDlgYM8lZkt2rGctWifnloNqZ15QcprO6CXzD/b8bGk','hYZ4pY2WQjrMafUwy3V5T7nKZwhrChbIM2M37oivXFVf5CGBwvsg3NIOjQpSwhqq9Z7P+CPqfKOYfwbnVknAyQ==',NULL,NULL,NULL,'a:1:{i:0;s:8:\"EMPLOYEE\";}','222222222',NULL,NULL,'another user','last',NULL,'fr',NULL,NULL,6);
/*!40000 ALTER TABLE `users` ENABLE KEYS */;
UNLOCK TABLES;

--
-- Table structure for table `users_tokens`
--

DROP TABLE IF EXISTS `users_tokens`;
/*!40101 SET @saved_cs_client     = @@character_set_client */;
/*!40101 SET character_set_client = utf8 */;
CREATE TABLE `users_tokens` (
  `id` int(11) NOT NULL AUTO_INCREMENT,
  `token` varchar(255) COLLATE utf8_unicode_ci NOT NULL,
  PRIMARY KEY (`id`)
) ENGINE=InnoDB AUTO_INCREMENT=389 DEFAULT CHARSET=utf8 COLLATE=utf8_unicode_ci;
/*!40101 SET character_set_client = @saved_cs_client */;

--
-- Dumping data for table `users_tokens`
--

LOCK TABLES `users_tokens` WRITE;
/*!40000 ALTER TABLE `users_tokens` DISABLE KEYS */;
INSERT INTO `users_tokens` VALUES (1,'59a396c5b07fbe78f8c1ba3fd490dc50f6366e99'),(2,'1e63b3d416ed42fe6a0b84ac4553d0921312ca67'),(3,'7e09fa27765b1e14b81ae6eeb4865088e5e56d15'),(4,'5a59b52a34a83662e6ac943be345a40d2aae6c2f'),(5,'1282ddd7b9ad28f8f53b8da7f3a0328c6de3d97e'),(6,'d8c3698ba9d83dbb14383c9f3140c70b11a1cf4b'),(7,'79f37878f49d6f202b93b697e71030e503c6ee42'),(8,'25fee029189748ebff41f888e7e9e5144b325e11'),(9,'75d6c52071b48e640d87cd727b9a1b7bee6e4eec'),(10,'0dda58609e50f3259a4221436a7ac9de8c2ad18b'),(11,'0cc2824b9a7be48d2a6265427316a31d88de8acf'),(12,'dca25c8b2d94410dd664065ed6afb8bd8b638e76'),(13,'0f958207e7f8e9dab1b3c2f0162555fab833527d'),(14,'eb5040d1f810e7be950b8273a362e4a6bb9f2e30'),(15,'d5c9e303346be0ebf78d7783e54e5987490d32b3'),(16,'ba5f9769b45c5c47d43ab8b7016828ff9c910bd5'),(17,'2768861e46c78cfe8db516c00b84fdf43d8afe20'),(18,'e31ea39003e7ac84fd49de46fbf5df4574decda0'),(19,'5d7026eca58ce9c99d400a890ce8be037906c950'),(20,'f6c9106df403f57d4be2ee1c286f7a7db2d5b08f'),(21,'eff67cae704d97b1773fb7875596398fc07b4bf8'),(22,'35e6877ea04f6bc29899a56b2fe9869f5aaa6f8c'),(23,'939219b2d8a34f191eeb3e5a94e339dc1fb50efa'),(24,'20450f1d77676f50848c8b8c3204c12570d789d1'),(25,'cf99b877e9ea84c38406b38fe1b575113902cbd3'),(26,'50bd7b17e84dd79d874ce2fa94b0e2b46a53e3b0'),(27,'3767c0760eba7092183fb498174bc50fb93ddd66'),(28,'bb45d5de9421430d9e24921bd85c38b7f5d31817'),(29,'0acdfb4a81d7f8ec4d812ef82ed7caed8143f2a8'),(30,'3bd9d7eb47fb46acf403221eda959adc39248bec'),(31,'25390fa4ceefe5daf663c0191cd341d571b2b081'),(32,'3520ba070e9463defba60ed21c70f7bb41c71da9'),(33,'4328a55e89c17ee6cc77f39b7077687de60a499a'),(34,'7160a15c08fd969cd8615055233da7e7961ee38b'),(35,'cc60e7e227663acc74832bd6dec1789990ee6b17'),(36,'da3449d5e185eb5eac6794fbd2f3edc9b26e721c'),(37,'d2c989cfb8ebd200a05b7dda6fe03353988f49d7'),(38,'d97de4a16085383896fc1d3a428e7ce6ed12e915'),(39,'a818ab5e716ab094846ca516a5dfd990a7937ec0'),(40,'0856746ab79ca6e2968465e3ecea2845e22d7861'),(41,'cdc2645d2a9a2f3acdaed74fc0ec36a3f5d4c422'),(42,'f7617bccfa8b795e951a7b0eb49c046d55439615'),(43,'239f92667c0833afb62c37cc05d46958488e70c1'),(44,'9262d7e7b545b9d94fc79e26f6d5ad22502e5765'),(45,'e1ef31e6b5bab348f15530b9fd1e2bcc09309721'),(46,'fab6b812f37386991e9755dd2bf913f1c203ae50'),(47,'0b16d96d924f20491e11aaf49a2cff5daf1edfe0'),(48,'ce36f19a909c096d5eb9487e9a72c99d637dcacd'),(49,'cb6c9315a3bb8cc84568b1018843e6c4906a8130'),(50,'fb39900d038971cd6810640083d65b3e1e87d04f'),(51,'0bea3e0ca884350d640cba71f5a732fd6125aa81'),(52,'537e41ed19dbe492c74271723c69c67c878e82a3'),(53,'7902eb82d839e94600f6989bc7edea16d0b3173b'),(54,'2c0d1df2358033f2741be3abfd83ad12b69769cc'),(55,'35126b9cd89bd72b3076b031860b4072dbd4d603'),(56,'925d026579cac93502d6a3c8ae1dab623bf2da54'),(57,'433b332a6ea3001023a81927097f6be5a52fc311'),(58,'3e2f3a8ad58fad46282135a022287c715b00147a'),(59,'455e4c2d47cf1e7c4e8684c5eb3aa900501b3b66'),(60,'a8dbeaf76d002e3e95f9aa4756ec537afc7c62c1'),(61,'d8be654bdbc7e4541877458fecb57679bf9210a7'),(62,'e0b6062ff85fc72f726acde4e3257b37f0e6c562'),(63,'9acbec8fc695f1bc4bfe0a86826871875851b316'),(64,'5ccafc17fc6ebd8bc1b0edd9a035aac5fe4ef393'),(65,'03473a7646d8d3508e6d837c975623e35e540d22'),(66,'09dac0f200e45c05b51ecaf33b21bb3bdab61aa7'),(67,'8b206b143723d0f8517eaff8d37fd2db85dbd458'),(68,'ac165b0aa3b0ec130adf853b9359d651fe44b7ae'),(69,'ae25be3eaca39bdf5038e5bb14ed5657407f601e'),(70,'836406855bae9af548b649bbf88f79630042923e'),(71,'75b1498a10ffd7a64795a9fd31f27d0df0b791ce'),(72,'48526b0730c30009c4e1626da2f47cc4e8459cae'),(73,'5b2c472c359fa45bf2ff150b8dce75aa6c5b6b89'),(74,'53a00409d5abbebabc8cd1dd2d0c5396a452bc38'),(75,'ff47b57a3c152527ee91da6be578b81ed6f75fb6'),(76,'923aa83c914b768688ec73251879a7106fb8d762'),(77,'85fc94180f2b126995ac49f1419690053f277c67'),(78,'0775e3f603850de5476685b1bb8e59ee929b9115'),(79,'60ac5153159c0b3e1eab9b89cebecbac7f68c79c'),(80,'a3c7f456ddd260c5b71bcf7c9d5517549dbaa499'),(81,'073fb8f0614fdd270cc331d94dd247efab68f142'),(82,'cf9635e41ec2a40d0b93bbecfe2cc7c8cb289288'),(83,'ff6246076bc3565cf99bdf807683502456a3ccba'),(84,'6c6abb5c783a156acbab5225efad40b8b55e46cb'),(85,'aca0d3a97f76c0ef626dc672821c11944f2a745e'),(86,'a47db001cca4da0345ebbbf82b964b4f8e07d9b8'),(87,'00e1d1815cbe6f5442df29b8a641f2b8de23e419'),(88,'fe8eed525555b5def5a148b58ac2fbd87e0a7bdf'),(89,'8bb8f13895d53e7d561909f9a2e538b41752af58'),(90,'251a6851b840cd7aec47e6772b25cd670cb76b87'),(91,'39434c0d510ec256916f9e5b369cf10f03c83604'),(92,'2e7524aa75fdd3312fb66b075c73bd2f99fd4246'),(93,'6f147106c3cbce3520ce725c656365e45ac383ef'),(94,'0feced8393888609b09e9e326182d5e59ec18317'),(95,'02b7079fa970a21942fd4e2ee579afc26ff39b8f'),(96,'c17feb964593c463759b5690871609ee10e9ff8f'),(97,'aee0024df4f17acf0a63621c3522a6019108b19f'),(98,'aa51e7fbed759a91cf34952b10cb200de1c50839'),(99,'9921100a5d15c7205b6dbf1f2469cb960d970cd8'),(100,'46fdf4314eadce4c86cde1c9c8870b781bd40559'),(101,'2aaa7487d7e22b42ac91946c944e7907ef9b444a'),(102,'ea62461af221695a72c0cd35754f285f06a9c4c0'),(103,'b6913bc1a28d67dbe3c1ef4ded617bc607fb7a02'),(104,'d1527f5f80b77836720f1249c8b6c76cf0e7adc6'),(105,'5a26c539fa28eeb31a218dfcbc6fbd279bd0a054'),(106,'c3d4d7d55d944c4ba8deea82b5c1f805c1950e68'),(107,'80ffb41876520d558400443a3d1b38462f2cb7b9'),(108,'4dea6851e79ccd5dda65ea7329d074cc1b7ce297'),(109,'76f6d48023266d645df8f05176ab3efad274c312'),(110,'464d1434720080e1383cc9f52e65b04057d179da'),(111,'e13551fb9766eadbe4722eae1d0e242bdd6244b7'),(112,'afe8566a88fa377beb4b4cff6922dcd173d7714d'),(113,'738fa1f1aa12a208d806cf2fdda1905b90d85964'),(114,'e632385888d30fc6913cab6040bfd4a92502884b'),(115,'1b128f0163f963ed8cbfd78e27b60af37332e76f'),(116,'670dcd070d12a818174bd1d4de65601f6d4e43a8'),(117,'ae1e047e3e9dc6f1bcc90ea29daa14bcd584df43'),(118,'385d4a9dc87eba3263a7b961a9a3511ca205979c'),(119,'d4ec434d2e7a4e03ae86450b54f46402c86cc2eb'),(120,'cdcc31a1e3b501474d89c573096ab17ffb7a8f17'),(121,'d9d174667e03b10679da18a2d717836ffc1caf04'),(122,'0d022c667a408258dfa8cb27648ea48986f1c83e'),(123,'4c08fab850c4fe06f263a6563bc1461f031709aa'),(124,'f390bbdff69cbec93261fd79f45f1e2f95b88a27'),(125,'e85f2c9b4151453cfcd6582c613ab0a7534cafdf'),(126,'3ce7a105ca3160ed6cd7bebcf5737eeda9f45403'),(127,'73b14e50d62f2741d4f59c798e7d1d13d317fde9'),(128,'2003b0a950e636c425daa2d35b7b1bab8b998332'),(129,'4d392b64ab7155c35e26baf5813ded16c0d4edaa'),(130,'e4b2d7832ba5885cea333f3c01c83ec376d61a67'),(131,'b62887930202f20f97ffa4df742dbde71780b270'),(132,'4f650f06850827021aa7877330209a8f298cbbd9'),(133,'ecfd47a15cf8e16447bf7c77762e140348b38bcd'),(134,'81c88e2c1d331001debe36c64f4cb6a344903b2f'),(135,'e2781a29dd7108c0e6c15bfcd8b32ede21437c15'),(136,'414babcbbe9deee8df5d776537eba3762ff160c6'),(137,'bfd2f0e019395346602c15548e40f36ddf954bd0'),(138,'937f72d9db3b3e01e388cc0120f93b7e74740d86'),(139,'d9f95b3bb080bc79d4908c1e9c330d270cd499aa'),(140,'b50c695be6a77fbeb3d5a89386cbe90ca47b347b'),(141,'45eee6c5ba44e91ac0f9f3e16698026d06b5116b'),(142,'e15af59ca70a9d2d1656e06123ddf5fdb7eafefa'),(143,'b2d4edf657452d95aa3ed187b98624c017be7aed'),(144,'6b56a32bb6b1b3831f6f2bba9cc5e8a74d1eafe2'),(145,'e6162e31a5f8401a9548a6e3ab8118465e917ab3'),(146,'e1f5fd94607195f288e3d83771ae97b5a2a81e90'),(147,'666792b7fb485f6a36f14228b9d5ca0c1a8438ab'),(148,'53155a7b37357834f5d7bb2a4a699eb14be0f8d2'),(149,'b1ae84c9c20d61df2ce8924d73ed6cf3474f38d0'),(150,'d097450591b47792e7eea429a52cb2c0ec1ba0a9'),(151,'0a1e46c0c29efee98a320d976621174cab26781e'),(152,'ac509564943b2d0244c553a271f84776d0224fc3'),(153,'a0ddf324823cc2810ae54ab21534f490ffc73e1a'),(154,'5ef5bf5f29a473b5882f913485a2eb8763a07b97'),(155,'d9593a8ad9feb4800c697855d935c34e56734b8e'),(156,'94a7b5578e11998918cec278ac9dc81fc1119a35'),(157,'3aed66286b7c6fd98cdd5382f55244ccebcd8a55'),(158,'38abf380c2e0d74eb72f6ae7101599a5d327e067'),(159,'b998f365c6b7f00f94875700329f100ca0760a65'),(160,'f0d8197e4a6bc3d0c544a4a70bce37194772bed9'),(161,'29a786e95e5a581d32cb523415493ef49a1c2fca'),(162,'03b79cb95972a0e049177df4bbab1f8b47879f16'),(163,'da6f859d909de1b86a416a9f14f0010e28f68811'),(164,'4f673bd261b62c9b51630e797af8070923d20c2f'),(165,'1c33bc88011bee2c2d523d89ef5c36e0b01ebe77'),(166,'0a0f6a3960aca0b5ade48a4c02bbd724586539e2'),(167,'8b312506a5004520d374f10ae27f48b6e5c82000'),(168,'e864ef2c53ae53d7ecae9fd1fece42ead9f02812'),(169,'163b81793704d3c3e6131361c1aa1aa50a475b6f'),(170,'0a5fe7956e1182911a25ba5a4f4d9975e1c7e57a'),(171,'e729d7c0f1d3c9d3698a8c3b4bc6be713acdc9c1'),(172,'2932f1067e72ccf3491c55bb17e7994ab725c859'),(173,'50cf8cb2d4bdbaead5cec8cece74cfb93e1299b6'),(174,'331970a9553cb9b438b4daeff55134a1c72f5589'),(175,'e6776dd9b6fd2949b6896a933c5eae05fd18e9d5'),(176,'0bbdbaaed73fff77379844e90e1a5fd619d1eda9'),(177,'113b75410e6955cd53975b47a839cb367b1b3073'),(178,'2e93928a65644bd6237b1c46a50a622750560804'),(179,'b17f036bc3229b2d76571f319157a3aa78d91cc1'),(180,'1ae1032433965a3cc83d5dcd4d9e39d4e187b13b'),(181,'8e3838aa5f9022f116affe5b0de91a0a7e338d7e'),(182,'2c2aca1c553cc9b662d8a02cc98b89c515ee6b4d'),(183,'22f4ecfd6e3254e51399941f7560a664e81b922b'),(184,'418fd8a34f4c0803963dd3239fdf137fce1a6226'),(185,'f84571d9efb93b3cfbb69f482f97387799db47d3'),(186,'736236fb12f4f716ed96d74b70c17e8ec41d4fb9'),(187,'a0f1f7f95064f861c9022cbbdb103a7abe655f6f'),(188,'27dc7639b716669a7b2581c570eff4ac4e0e87d8'),(189,'04c744bc5827377b5ac08f3f04a1b8a739ba6747'),(190,'99528818ac05feaa0fa117ead1aff84684d7f0aa'),(191,'666e29e2753801a6341ae43c66e24f7b63216e0d'),(192,'f0b193d1ee422847eeb52993ac7a86f1e3ccc21d'),(193,'3e5884d401b30dd35bf5acbd9515c36221bbfe12'),(194,'477464392321180c9a7eb9f611ccd2345de340cf'),(195,'075418d43fcc090fe99374adc80c1b58b362d8aa'),(196,'d9ce4702a440001b030d28e64304737de2444e07'),(197,'dde2b9ddf5f991e9aa522d1ca43f74ce27524dc0'),(198,'a5a4b9f80eb59f7bd95d8c14412d721f1ae7e758'),(199,'42bedd099be2ca7828f30c8166241bb35b191c40'),(200,'d645432d7efe526c1ffb1bd1cc0e6f68ff0ae126'),(201,'440ccbc7cd37256924a71b9bb7930dad158ccd38'),(202,'db57596b7c188d08accf5dbdc14b32b21a6f7fb8'),(203,'079ea5bc00c83cee6733871b237b68dd8aa8026c'),(204,'b08e41904677d8698b477a9be249ecca93c32ff3'),(205,'3901bef3cd1fc6ed41f775f5c0db6af4fbb53910'),(206,'26a1c51216c42dc71b069f9f94ad356fe1d34105'),(207,'5ffaf89fddc63bde58cb725939f057abbb3514bb'),(208,'c8f7ff554609f41e443ca11ffe00cc67e53e27e7'),(209,'e27f410efb21104bda174a89ea30b59842c800ca'),(210,'66d26cf6f0701724532ee1f7c3992f7c5841d219'),(211,'c7bd850fd26a03e28e80b86ad9eb36e00a1d5f35'),(212,'91765c9763af7984492be3e6b3ad749f7bb94558'),(213,'181bd35e6148d1f6907349b963753335642fa84c'),(214,'23680040129c6ce1d7fccfc46142939336cb4c70'),(215,'af1ad7c468dd8e91d1616c33f949e62ad5366ccd'),(216,'93b1fea5060700c9a8a0dba5c70084057a81302c'),(217,'3d4595c0412ef94683265461fb7ab03abd234c8e'),(218,'4c662414345d117f118c190603b1d141d7596041'),(219,'1742a07575cd2696b96b36a90ada2c0b1583ffc5'),(220,'e90542b8478f2bbe2f36781be15c130f102b5bdf'),(221,'7ab091343eb37a4f44851781c956dd44afc510d4'),(222,'d9f9069510c9fbba183051a7b44d2b9f48b1e24d'),(223,'16d7786eccfc3114073284493fdcd4be1b7a5d23'),(224,'00ed11baf97709a2a5ac965b5967c51711b30f65'),(225,'4d6e8173aec3080d7c61883612345d48e0ec2ec8'),(226,'37d1e966bc2656da5cd44de8425082e69ec46a89'),(227,'929533cdfd79b36a8205b60cfc76cafb6645c7dc'),(228,'f1171bcff9786f2887505c3a7a9acdfa2076c0a5'),(229,'cda99d6802b257277afe3a01ffc054f129a558dd'),(230,'244e3f383374e051931eb13bbc4c9145805753c6'),(231,'1f0e627a32216f830ad1c29791ca15e76d4844fd'),(232,'9b722f34d05efa1884d24d4d50098569d18aad78'),(233,'83f8e9dfecd977c6bbf259a16b4855139085174e'),(234,'891f9da5e01fbea0f011ed45d3b077baf64e44c0'),(235,'2814bd6350190ab5a391d65c12c101d66d61264d'),(236,'6a5c4fc280583a37b54e61b766a34cca62bf0aae'),(237,'06156663935bfa39f6197550f6ecf4494c65a749'),(238,'1db86e8310051a20e6938ebdd109402b645ab899'),(239,'ba06eadaf885936c5aceb39a63d06ccbf4bfaff6'),(240,'74fa2ba06b8e5adb32f3001c981d30138d85a66a'),(241,'1377ca6146fa740d2d927a5ec2ad2606722b9462'),(242,'5fa40894e96ba1d56412b4c24990579d6bc102ee'),(243,'f4115ec427e89b46529330770b705c75dc73f175'),(244,'ecfaa41eab61ac97245a9e4bc3d6893b12043408'),(245,'16bf703aefee030649d57365871686c3d7daf7cd'),(246,'bdb86f14971450f0283c95a468734123e92bb2b6'),(247,'7affea0b0c653bafa3a75d1ef4648762e224bbaa'),(248,'2d1ef4ba95bb265fc671d0ad57e268f56e913a0c'),(249,'3470d0bc522186bf998e5413545b46e2b758630b'),(250,'bf4abd2570e7d9f85509124dcf40573842add103'),(251,'463484afe760cf1fc09190898d58c49a71b604b2'),(252,'4bc2a004b9611936eb5638ad0315a9a729234a1b'),(253,'0df9b781387c1dadb47c6891404698a61a18e22a'),(254,'0d6c68a1d70897e9e8c937039f8863685f1ba2c6'),(255,'5b085a102fed330e5b84be57ca52ff7de7562c34'),(256,'f74f9eda4dffe566d569c8b958ea086afb9fc552'),(257,'bef90a30a04fd9a3492cbc93aa499dfae6d2933a'),(258,'29c712dcfc334108dcaa869bd613ee4977933d9b'),(259,'b45f0277081100f994089e82923f68c04bbd6135'),(260,'5e090135565feaa4d7acac2308b2572aab4644e6'),(261,'3f768530aba7fe2f571a3b074953229d778a037e'),(262,'6ed3a682eca670aeba822fbc0e3135eb090c26a6'),(263,'fb8a0f166e8fe2430a79a2ba8314580302a77255'),(264,'1dbd7b8e4a167e42e7e4d85146f0deb92a273d40'),(265,'83f180589e950727d1ac0010d27548d4b1fbd1d4'),(266,'0df674b057fe39ad30ae8db3695f41144fb1546c'),(267,'f97a7c1eec7db58d66c5cb03932fe99988b91c80'),(268,'88caa0e54a6545c2ef30a6227041a3c1edcdc630'),(269,'b8378ede138dbb7e3c1cb9e2944582b49fb7eb60'),(270,'bda8e659f489aaad5e765eb7c71df3303d1dc1ff'),(271,'10e49aad4f3d2e62fd4307bf52d8a25fe830afe0'),(272,'7f4e093da01fdf3ec2057752fe6f80ad7d410fa7'),(273,'01832e7a16eb3201585085f128f099544e34eb6a'),(274,'9380d8a8d56fd1dafc45fc364738638b954e7110'),(275,'e0c2155b14a1dcc32818c8dbfc1a3aba7b217fa2'),(276,'6d2e42c6d9bc8208ea01ba96aa48f6b96fd1ca07'),(277,'8ac256111b413dce29ea5af5efd1c2897e5c89d4'),(278,'ab75e2f3bad10e2292647f4447f155c606dda038'),(279,'7af7b9390f88a8ca805dc2e6b7f64704eaa3f0c0'),(280,'e17255d12fdc8a454e9328b24b080d1db1506bbf'),(281,'6c0c2b87da37b20216ec4656f2e9f58e02591dec'),(282,'27e1adba623341e552186706850fe0ba8d15a57d'),(283,'125dbe654ad314c48fea6b631e0c8716a81891fd'),(284,'d889c3b557b0b5282a65973dee352a1bfcbb1b2c'),(285,'636bc9403477f7dbb22358915a2a6e9c571b8bf3'),(286,'f1bb6beed950dfd13d98214fa924db8b09670002'),(287,'b622a1ddf88cc076a7e5b8c0fe4db0f33b315769'),(288,'0c804a528c14007067d3d974ae8cc6a5faf3d616'),(289,'d841ca9af9a5b700f9fcc667ca53b58ca8e170ae'),(290,'06cd7d369499199ac400434f8d1519d5d05d3163'),(291,'2ff7461f49aab37d794ce5a870a4de104b26c2fe'),(292,'02d610f62cdc2dbf2f329ebc2fbb256aa9d4d879'),(293,'54b9b56172736d9f956a34537727630ee8744b3c'),(294,'b75d293adb668e040a71f173f1fe1f1389337dff'),(295,'ab70af6296df8bf8ceb3befab7e69d7af7a4ba78'),(296,'df7440df47b42dd8d932c925629facfedc12e3d9'),(297,'b52bf26174a410489e536b511dfdc0fe5c158e30'),(298,'e18483bb44a7e3b6d4b0ac7b555a3b039c9d8c86'),(299,'da71cc07da150bdb6b65fea16e06d1fd55d525d0'),(300,'1d92a85534c8438c0c73b15472949c82814b299c'),(301,'c3226781d113046c2b10e12c9baa22ccfc9dcf9e'),(302,'bb6644dc982e87d286f838ba64945a751f5482ba'),(303,'60f66e0e08a5e2d1c2e2236dda94bda2ce88690a'),(304,'50646efc2811d40fd666e323fdd12b5e4952eb03'),(305,'b74ea7d54216578947151455699fdca3459640e4'),(306,'23bef739f58c55098efe6b2a60c9bdd099c4cc39'),(307,'dd2cf2775c88c9f0c64353158f3aa127ae481278'),(308,'2fe042ebcee35fca16e38556edd10cf7b74c6daa'),(309,'1725c2161e029e190b4bd86d77dbd089244601cd'),(310,'3a3e5710eebbd817dcf52bd0bb58db0c7bc68def'),(311,'52757e30e5bc5676547aff00476ec690ab7a0b6a'),(312,'cabc60bb59d71e15166adc408cf1bab53522516e'),(313,'9f3a1aeb626eba183c58804dfae6bef10af4ea0a'),(314,'3ee75cda8f7f555199577c2272fb14c6ff24cccc'),(315,'cd5a79f63017b4cd707b2a7f9ecfda89913f1ef8'),(316,'8518b096c5ef24b558c50bbf9cb3307b58364106'),(317,'ecdfef0cbfce3313fd5464665452f60c954be82d'),(318,'288a4434abb1af973deba67155d26a0915072729'),(319,'4bd530f92eace95ba5e062b3b7be2dd6244c672a'),(320,'52eb7973a5a6cee807d0de7814a6ec18c70fb2b2'),(321,'80e7607445caa80eac64a0f8184377e46d5536f6'),(322,'095942cec062580cfde2a5592cc80c48894d0191'),(323,'7a4e5e3a35ca1947981aa86af3b7d3cd26585720'),(324,'e41f700f5cacc60a55efbe8da64dd05150762df0'),(325,'89f18aeddad8834aada9706c048649e5db52971f'),(326,'918b2eeaeac29f47e66b95530f5821325afad2d7'),(327,'36905118e049f0f9941a8b95e99821f3a4a99588'),(328,'f4df463be30fd0527a84066b641eef3c29769f86'),(329,'a0d1ca0b2cf06ee1ec3473388cf3afd9b780f2b8'),(330,'c3507e2287d3365ac2eeded369b243f072d7bef3'),(331,'00c788d4231517349be261dee7e3ddf9f3eef9c7'),(332,'26617b4f6b2ee0593df6e8fcc841e4e70a74d022'),(333,'c18ccb36dc1617fdd58bc2abee6410e61d1b8200'),(334,'1afffb0925aa63f9b8b950ed840e05975693d091'),(335,'b887195a5f8f4c3480176704a8d42cf1554f397e'),(336,'1ffa9e562a2347bf59f1aca7d9c9b1725a4fa957'),(337,'7ff77b1ba42e1c40a3a84dbcc04917fc4dea4fa5'),(338,'1131ecec755bade2861a69fcce6cba4159ad5412'),(339,'64e148949937f090f9ba2af880f745ace4553cb9'),(340,'db1b8c006c277748afb38400896564dd2da09322'),(341,'9ecfcf5fd15ccb9951dc1056c5843fe28b6437cd'),(342,'d55eebe50873002af9e1b8d51f98499d5e473c23'),(343,'3b097644980e722f2154f22ab2c583702a773f07'),(344,'b8fc4e514c0fd663fa03b2ed7d0aea1f6b5e7e5d'),(345,'19fa1ad5dbe92d9f2756e6f5240845970fd07119'),(346,'d0fc3d62b48c3d893802e855cfc4c5a201e6b1b3'),(347,'cd6edc758e7887994ad35b3b255e469bcf619d79'),(348,'f02ed1914423b488ea06a625d40c4475e6858635'),(349,'46e9fa9023c36f8f22fe10ae98aec4a1c244cd67'),(350,'1423939afdf1659a71d3853f9c86b09d45bb9852'),(351,'f4ed520b946d48c390691f8087c997dafa08e9be'),(352,'20aa68ca011ede2ebb3c72d546bbb108b6f82630'),(353,'c161babfc83b462e1ef1fe9ca335632a55f3d9cb'),(354,'23aa36fd877fddd397c32f5f4bda5f058a657b3d'),(355,'e91d8afe1154ee042ea6bad313b8cb7d89d6dd0d'),(356,'afe0a8714f8d82ba12d65b4b1d5d6276a1abeda8'),(357,'f5e1d4f2a54bcb99c59eb3f3d43dbf0e2cfd3764'),(358,'e49d53844193ce112a717e4f4d46fe845f0b1b69'),(359,'428a431c51ca2bdc78339e73e9b656e746dc9f14'),(360,'b1a88ceec5f08ae9c6735631a59beae0c6070edb'),(361,'8314c6fe81e590067e0278cad244aad1d9856722'),(362,'9cae78dcf4d168b29ea137c0c2a8ea4cbf467181'),(363,'10b29364cd4df42666d8242e113f17202ee4fe05'),(364,'12bbc029934b8eabd88b9b7c200278e210983685'),(365,'613e38030821c778c474c9d09710d33c33dd59d3'),(366,'32c87d9ca160f6424974812d531e6f2f86ceee51'),(367,'2eb13c08d48620a1fabcb802f9ebf42e844e31d0'),(368,'c11c9ca3aa95bc0871b41eec0a5440faf83184bb'),(369,'3c7e25abf94257ae1742cfbcb301d3c8974d5bcb'),(370,'a55d7dfd795c7a77197ed929cb03c0e501fccac1'),(371,'f6955035127b7325cffa7ecc64ae6342076164bd'),(372,'19d1e61e6d899549a170a0a1072839576794829a'),(373,'ddd262d1b77d40b22bf5f178af37b9ea3aacd27b'),(374,'1c4f89ca687941d4a9e7262d17f146cbcefd3c7f'),(375,'f28fd44fcdae5efcd57aa13eb113e6d4dcd4c229'),(376,'1b9b5dd97a11a9e5ed632f060de142a9f59c4a86'),(377,'c328b37958742af2d02a480b1d36273830a6303c'),(378,'141874a812715c282aa015f71ebf26636685877c'),(379,'ba07080300446669ad884cb6866082d5df771724'),(380,'3c15f0756ee78707f0acdaf87c479c32a6b3ee1d'),(381,'ddda2af04d25ee8c8e1135512df1ce887fb59d94'),(382,'336e316812c4a545ba570f51ac7fd6ae2396c360'),(383,'42cd15eec42d611c1b2c3a69b58767f1a7b1bc54'),(384,'208b5e6dd642391c93c413027519a53f9386aa25'),(385,'1858b09bcceadf1d86e441d36bb4a6218ff9706b'),(386,'dae1d7e6116bd6860b2f6a21aa37931a8fcf2e08'),(387,'d6e1815907f1c8ab6cb44ff03f34e13b74f5b819'),(388,'8658cc02c9294f55b4b7ae637765adeefd92a7ed');
/*!40000 ALTER TABLE `users_tokens` ENABLE KEYS */;
UNLOCK TABLES;

--
-- Table structure for table `userstokens`
--

DROP TABLE IF EXISTS `userstokens`;
/*!40101 SET @saved_cs_client     = @@character_set_client */;
/*!40101 SET character_set_client = utf8 */;
CREATE TABLE `userstokens` (
  `id` int(11) NOT NULL AUTO_INCREMENT,
  `token` longtext COLLATE utf8_unicode_ci,
  PRIMARY KEY (`id`)
) ENGINE=InnoDB AUTO_INCREMENT=2305 DEFAULT CHARSET=utf8 COLLATE=utf8_unicode_ci;
/*!40101 SET character_set_client = @saved_cs_client */;

--
-- Dumping data for table `userstokens`
--

LOCK TABLES `userstokens` WRITE;
/*!40000 ALTER TABLE `userstokens` DISABLE KEYS */;
INSERT INTO `userstokens` VALUES (1,'aa9f362a0632b7a747a1dafcf2fe52750694af4f'),(2,'c31bac37fe39fb0323a2ee56bbca9aed4b6941d1'),(3,'860b76951728a96c546e586554e5b7c33070529d'),(4,'f7952e78d7be4a524c1ee7452f08b1bf27ca4742'),(5,'1f16841fd3b9e0dccfd97b4af7749746f3b241b9'),(6,'4f205bd1d56fbf63c55736ceb89914c3c0412656'),(7,'e3ff128523a2b066db7af3515f16df01fa05323f'),(8,'11a378ad195a75dbe86fb08705b2d5b2d583e4b7'),(9,'bd1d1798eb26dc91aca886f4dd348834e65d1433'),(10,'367efee53898679f2113114e0ee9026b728735d2'),(11,'8547fc8e7f0bf05be32fa3cc52beefd444ad56ab'),(12,'d7db8a510f3c967588bbeaa4d2ade86626272766'),(13,'fc1ff109a99d3380dba83e5f4e27b0a1a04df09c'),(14,'23a316cd3f02556461d0a3a7ba565be2c0a1284e'),(15,'dd9628b59194396c9fb684bde5a6baf63b31e28f'),(16,'ba5daf9b799165305f5cfa67540b38bee442e693'),(17,'0a8653bbd7b7fdedfc87da062aed0dfefc8977b8'),(18,'651370d89242d911344f769777238d4511fd4a2c'),(19,'c08e362907623d15a735566e28ec7e7df1304e8e'),(20,'654e27607845164218a66a318d0cab12492ded26'),(21,'9e781b1ec03edd25c6cf1aea79276c118eebdd31'),(22,'a5aa4bf64daea7ea96c9a88be2951c7f3a251e72'),(23,'d7f5db15fa4b28ee242616d57b8f2a67b1a19211'),(24,'c5df6b2914890ff524ea0f62860ea2deb27e25e3'),(25,'e61942d4ea6bc3df689bba687cb8a479d651b7e3'),(26,'9324cf588b306a6a2517893cbf95d19bf3878fe7'),(27,'9fbcdce93b7d8ec33b809babfd5fc60e928f0233'),(28,'19a882a90bb0248a878051846331452d8df4a1fb'),(29,'7c46f9b67bfc085018041eaf272f5839624dc7d9'),(30,'2238e5fa0cdb43ab08bb2c10f7c7f947b13222ec'),(31,'8c6245d4ad5e4a77b65416b7e76c7dea571ec0f5'),(32,'3fd9b7f7a1911f9de28afc4ff69bffdc9be29442'),(33,'989c5b0c4e472d0cd417e845d2b8b53454d2cb38'),(34,'9d78b6cbfc69dc122fe415b8a9146691a12d5d29'),(35,'f41cc4821c7b479b5d11054d8c1a850ddfa18c80'),(36,'a61384d1811a34e0b9711215d749bb8108549e7d'),(37,'deca6ffe80e5cca5c4aee5cc9daa2d854be8ec55'),(38,'d2ecdc87e9acb04f4d206a5b22f33d58d3bf05e7'),(39,'8fa576960db6be6700beca6e44906cd74f87720c'),(40,'6f2a1a4a7460fcc7eda2d55dccab8718fa5e8b25'),(41,'d05e23e388673f457afa7726a6ca4771ed1e4b5a'),(42,'536bf96f22c3c43c52e839728e47a7779cabdf32'),(43,'8cf261077ffdb76d628f20d102949e21a906afcd'),(44,'5d7b02d7ed35edddb4838ca19a7589954a9a2dcb'),(45,'a11b03dcb1d8d7bff82c1d65d77bb0447ba326ee'),(46,'af24fe10b01feeb0ed5f007b1fa6e04caa8a3fc8'),(47,'2b19a84df15e7425d14e81cbfdb773d0f665fb10'),(48,'8657baf31aae51a8ac8e7409b6b2de4a7cbd794e'),(49,'f8c1a101bbbfc157682cf223ee42d615fbc3fcc6'),(50,'aa9c5bd7dbae1791f5bb7b7aea53cfad871dd480'),(51,'24cb2c907cdb9f2e4e8232e1f29d1a91fcb1046b'),(52,'338223d6b34571f51713b428c35d7941bb2f210e'),(53,'8c14b5945b1e134f573a7f7416e086846dfe71c6'),(54,'cc64f3fbd086713267da6bdf651009a79b826397'),(55,'88220efec31a411926fa1ae45f2afed1f55fcc64'),(56,'be625a662999d4251922a9de499ebf1367c78156'),(57,'2a2147738ef361d691c2a47bb240f449e3c1985b'),(58,'0b4cac146be1f0c858ffba89f2ed975f0a2a910a'),(59,'ea7cc97efa9e827584cefbd997e041778a1aad47'),(60,'d726b60b200c49f38e72071d9f3a9bc765496332'),(61,'64b880fc9cf4aee1df43f99e6585d7b6ac3cd04a'),(62,'fce57a734550313f455389f2b01fd06a34d87897'),(63,'4dff99cde2b9ecc144ed4039dae4c0040dc1266f'),(64,'60f14bc923d11cb61d4260930b6d7a25b6feaded'),(65,'4442f12d740c4569ed5048a34a7b3d3581e31f7e'),(66,'c3af058de7f373b62e47a8a5f8781a070feadbc7'),(67,'3ea9f7b69256b10e0c69e433c6c8de6843a61655'),(68,'13187cf3cdf91e7a788d97d57d1d83cd0f6b0001'),(69,'34c39572b115bb537c955288eeb7109ccb5e13d8'),(70,'25dded0abc5a29cb4758f727de1e1e3b8da480c6'),(71,'6ba948623226ae5d27c1f6b8b20f02e7376cce1d'),(72,'58b0e35c0a14e53e4106646d50971d15fa545dc2'),(73,'5d966a274a24dced44b0110ab42133aa44838640'),(74,'1eb675f85da4d02c3f72fe2fa68c8a664d3292de'),(75,'7e29414ebe7671d5e8513c0d15bd79633590499e'),(76,'0102fb2d7837dd183c2308e141f341bf7a1d6072'),(77,'c1a297f695d29b22d7b4ec1700930a333715f9f4'),(78,'f68b954530237fd8e9fb51e3f58ee9f897b15a25'),(79,'8a3afe762e5e2bf1a5e042d1ab085a09a3ffdb4e'),(80,'20f9ce87f8bb508ff6b60ac1220ed1386cc264cf'),(81,'ee10e20a2e3caf591fa57f25914d9aefec21a499'),(82,'2822ba4a1a9ac679af470490e1229ff9f9def595'),(83,'fecac76869aba0067e6403eea851658d39868270'),(84,'7fc3ca51450f2092b5f494562b101f0d2b53a185'),(85,'50171fca6d8d58038467a776ba6752ff835290a4'),(86,'2de87b34987162e1fa5a4472d5849dfb30373df4'),(87,'7887ae7f639685eb4b69a6088e71365ff5eb5315'),(88,'76f14cfb6a9a2613069fc4f127973ad7bf94b3ba'),(89,'fa47d0b2aeefa42611c59f126f9ded672cc24289'),(90,'1d152d3b4eec60f21e64fad8405ee35ca9da32cb'),(91,'3449ea20b1571a67f421ad84292a52d89a49e47a'),(92,'1a70e608c76a5b8b0375c3d505618e413223ed58'),(93,'ffbe1d48bbffeb1bbce218926b45c5c37007e5e3'),(94,'9d3cfdb80d880a14e65838a3c681b599bacc75f6'),(95,'229cfdcdd666bb7a021284cd4e80ac9c746a4305'),(96,'890d41997054a46e85a3e972b5c71c3be5ed8924'),(97,'5fc3fde935e224e6a94f694553abc7544b4eb8cf'),(98,'eb87a650ba9a3bdd3f14689ebc88d01a7293c5fa'),(99,'fd2395803becd68d5ceb1910bb947a5cc66af41e'),(100,'f5f798083d8afcd4c5b82f96ca028a6c1445c878'),(101,'71396eae0c8e883fb262f88ef606d18bd1bc5293'),(102,'98b81edab48495c60fe865222e3cc1341c665c43'),(103,'db8908c5e32a95803f46010d73fbdbabe7dd346d'),(104,'c407e963b6a89375acdc0f8b4d7201601b10524c'),(105,'ae17c417942214c3cee060fb0fb8e696419b7c92'),(106,'9f64e2c9bb5e945839f3ada30de92478908f9374'),(107,'35269ace5f9b0d983eab7e0601659c8e362e2c22'),(108,'cbc0686462e4ba842323065c48f77a60b17b9187'),(109,'03712a6e241b360477787050ab8614f6be722ead'),(110,'4533ad760be47680dc4c12cabf74d67718a26e88'),(111,'71e38dbdd0178d728566c1f96b34e9f6b2205d36'),(112,'91aea6d4aad2383b657bba571ca78e2507f51b7a'),(113,'bd391419321087338f9812f57de02c2419a78bb6'),(114,'116f9105ce426a82b988c1567a2119739f3a4bed'),(115,'91ee953c1436026007020e82e27ba00ed8c7afd6'),(116,'0d9c242a4819ba7a8f224821a995aeb6e021a0b1'),(117,'81283de328beabc5dbb8fde6a6127a0ebae06303'),(118,'3516fb87faef1c3e694e1e20ea1cf2c7a0afbbbf'),(119,'37016831c37b32188615c5c40ab0b90ab2275d9d'),(120,'cb01d402a7485721e9bd27967c1818274c3326d2'),(121,'6a422607e42b791ed2e7ce8b96c7b2fbc2a4d8fe'),(122,'a753ca601f2f1388199820c878d2f960cb915d4c'),(123,'bf197f397477fe1a47b990c5b61999e8a054ae2d'),(124,'705a447da05c6f1e0cb6e99232be8c1e467711f1'),(125,'0ae7126a94a91921b662496d909a8e439f278a75'),(126,'189c433571e342fd611315ee0bc04784a28f96a1'),(127,'ae7046a79e4e3fdbfe11d5387c424109ff610f18'),(128,'e948eb209e4f3c20d78695ed346c7ae76b1f50e1'),(129,'76819067f0a859f2f223847e54c7390d15ffb130'),(130,'bdd38cd730a6e976ec5b11e9dd15cd4fe4c7dc2a'),(131,'d0dca2caa953af7a9c7e69be33da3d5680779d3a'),(132,'af2709aabe7c18a8b1f6a9f04253a64f9757dd17'),(133,'a4bb64e3c9051fd0e81ef78e41792d7bb985785c'),(134,'f7d1b55ead626a3b8e95aae571df5fb83b3201b2'),(135,'dd1dd67e510debf1d6e6ef6c686dd61f823fff60'),(136,'bfc4c03d73dce1e71c8f4f7ea5f86ffa0fbe4c52'),(137,'94bb03ee52defed6f433866e12928eb63ad253d4'),(138,'d094d93dc9216ff92212374107e4e2b8873084dd'),(139,'20e79b0573f12029c6d4ac6ad706c09092845245'),(140,'677eeda7058d1d262e0a77fc4a0f6b1f80be8346'),(141,'f25eaa28fdc911c5dd16a81572327465e752c8c3'),(142,'925fd9cc3110e7dee06f8c50597bb193b591a558'),(143,'e3f517299773027a691f99a2940affa57ab67d1d'),(144,'5b5b8518504d9da7cedc57c72523e661ad3fe309'),(145,'c539221997b5aa063edc87d16fca7aa9b92904a6'),(146,'d7e4cb418d2e07d5da9fd51598b282b020bc507f'),(147,'5fb5cb74206286eac7c4be4a1e59f32cdbf2b689'),(148,'8fbe95fbaa5e69303eda8cedcc8c3cb88772797e'),(149,'d75af58c446cf2dc1e3831cd5f75f7456ca4c7d0'),(150,'694d3286f4863d6dcdbf596b43e956266303b851'),(151,'584087bdd9330e0817fc8f05709548256018795b'),(152,'23484cdf2efa1fd530f3b300cf528e4514ed9a41'),(153,'38c0228c7a0135dd363ddb1c5806b8a620da2404'),(154,'780dd21af6166691a4646ae182323b67bca7ad35'),(155,'2c6eea503dc5dc1d2075a094b2affb949dc002d7'),(156,'0b8f2d0c8b2a3d1f98c3bbf5f121101c778d3b1b'),(157,'8e56ea03d0fa05a7b5d33db5d2376f6230a7e436'),(158,'c35683f701d84c25bcb6ebe599da8732bb2005a9'),(159,'a64b7cffcad0b64989d9bf6956a61472473782ef'),(160,'58fb4737769ee685827aa97667b3f18f6e6aabfb'),(161,'120fd048be8144b12f93f273bab826d665935b24'),(162,'995562a8832b0e3c931ef0dcc3cb1cc2e2e17332'),(163,'09a3286ccb08e2e6c4c57ca1ea54413c832078bf'),(164,'de53f40e12d653bc338786be29979aec98baea71'),(165,'e3862c1b7775e61802eb810295eff15cbc3222a2'),(166,'8149b0267fac7def891f2debefbfc2f56a808d8f'),(167,'dc27d95608dc362a1500afa569592335e82ef06c'),(168,'69a0feea8de498e2693c413323ecb9cd62e7cf65'),(169,'18776d53ee259281ee5d5179a81fe0017d672da8'),(170,'1f5986d8338b70fab056b9cee91c4b10a8609855'),(171,'99eee96ecbe690dc3ea4042474602613079e5c01'),(172,'4c494015eb34bd41152d9bc60a262fb66b26f4d3'),(173,'59dddbbd679c03840610ab7703353d412e6f6f2f'),(174,'9d90ae8e24173ab03a3013d22855f046e1553c56'),(175,'e0faab14edeb787b9bfbe5d5d6d16d5a9b8b1364'),(176,'0962032ebf86b289aebb62a2a7f3affe87eff8eb'),(177,'71a13d0238e0439a6f6d4d7927f49e52b8faed9f'),(178,'bf3fc7b090eeb412d584e6e4215c21e6e3672bd7'),(179,'96964707561cdf64659b586cd6779e4a86e9eb0b'),(180,'4f3f2e9aa24ff672da576a13818dfbcf9bda2ebe'),(181,'d8b1cf3ace79e299d01d61b6c9353c1b04eb59cc'),(182,'c60742770514f6a4d451fef6b2fc94307395325e'),(183,'aefbb8798bfc659c0276069c5e482f4f42efcbb9'),(184,'760549f840d6f6e4fd77f3e2250cd2c38888727a'),(185,'43201699cccc1545bd21cffa88652d7f3c49d483'),(186,'cf63bca81632984f1ae3963cc8a62f4335c29ee2'),(187,'f296c80c6a66e56c52af4318c7ab63e98fa1707f'),(188,'9d5be394ab281b67c7bbbbe404bab6544ff2ee77'),(189,'783adc60924bbc81f819b93f4ffdd16726c198fc'),(190,'3c2267c575b957c9254c53d4de8e39ae35c8268f'),(191,'cee61dbf51f7cc64b1d59382706269cec3869e6b'),(192,'4333a1c4f8a92d09a49793f2486a951e4636c3dc'),(193,'789d58d2c925ce3b4b94be6df252a9a5cbbdd2f7'),(194,'0a15ada9194b9dd5d965b2bfb449586a18e62bd9'),(195,'713140737154759c9b7d4b51ed64aea8dc4e006f'),(196,'b2d2c33b80319ebe9d44a9474a33030ff1e7c40f'),(197,'c803c66da41fefc58f72c9718adcf7ae73f7e886'),(198,'19ecca5c80a325bb11429795ea9c3c19e8fd3962'),(199,'4683cdee687969d8c9a1dbefade87fda125a5634'),(200,'f74fb7ef5f11023e380fb7fb746dda40e6ea4aa6'),(201,'d43318059fee51b7a7089a347c96a2a9416c6fff'),(202,'06675b0c8a78fc428e7f96cd860b882469fabb0f'),(203,'70ffa024964e9c42290bb779ed885d65971f2e3c'),(204,'be3eca0a67774e9b069301e6efacbe01194aa2b5'),(205,'61be079d01676d8d349b0f054acc64061e4181ea'),(206,'8e14eb58d7d6f9c0776bb130b2d7808c98fb2803'),(207,'8f10211d404f13beb6ef38a89c287e4db83e916d'),(208,'1d9bfa6a7ad8fdeb16bde269b5ab6a9f9d52f5dd'),(209,'8a07f5ca287a2f9d07d44047914bc52b31aa709b'),(210,'00442bb409ff48e24fd50fcf557db38a8905f324'),(211,'72e545a25d4b931bf82b2faef8525e9354b27871'),(212,'fc3f89172462317ff54a3bf6c62ef9e810fd856f'),(213,'2381f5dbab31f7b51bf3edb9520fa2a7abb4f6c9'),(214,'925a199bac3053248e356d4f1c0566e27b0ff2c1'),(215,'4a52edfc6eadf914c2d969de70e0a535e23443ab'),(216,'0769d0ab3ddbf6fe4e87b303b70c90bcf25a6c96'),(217,'1469e22eed7b0e1593a9686dbe515a3c49dd3282'),(218,'027bbe8f2bca95253fb34b4f6507d740ffe7a54b'),(219,'8e96419d2b19e1ddba98163b43aed9d8cf8cbeb3'),(220,'d5d551f36d2234050a47d8500ae4f5482f2c7f31'),(221,'b7208d0fc8ec4820915d25b364d21ed905957f68'),(222,'da902a8cf898b487002e2748e7714a08711f77b2'),(223,'d697489db019b411fc68425ea12de0092355a830'),(224,'2cb5cefc0f980dbdc8f5009261f856fe15012cd7'),(225,'b9d0bcbd7cbd3fc4b23ed592b4d19dcac125e623'),(226,'6bf2b47602ce785fc881c772be07929ac704e371'),(227,'7827e04a99798b35bfb70a386feedd9cbbf0db0d'),(228,'149238d85b39fa69c51ab23f4374b5741d766b82'),(229,'255e38103e077da52766cf3e5a3b1d3cf3533024'),(230,'bbf86168fe5d090305fd95215db7d0c1e5b9c5bb'),(231,'bed6d0ebbf0d18f63a30c94a400d47f2ce4e5c0b'),(232,'88e614b0ec467d42df93c7dc17176070f8bd7828'),(233,'e7f7e1a2c6772b7c2b4918fd37d1b32c284401db'),(234,'afa08f08167ee1d4036170b5af0feeb517b507d1'),(235,'4f843eb233ae3546aa35a8df792c87e884554f44'),(236,'608deb0301907c7033e9acf6ec2bf1731b579ed9'),(237,'b2e7513e375f5ca81930b547ba29b723d5113ba4'),(238,'179c25945aea5fd01b99ee29e911f9900f9da370'),(239,'541fc548d5071d60c6777df79a498d1ca2853f54'),(240,'de1a8980c1c98925a7f8250e92ec8aaf41de55e3'),(241,'c88c810674e752c55fe9c490f372ed8792fd59f9'),(242,'579df4a3da3b17e3ed6c9c3aa6af214b8966c6c9'),(243,'a9ae8f98eed186e719366245fd3a4c822a3f9944'),(244,'db678877cfab0303069e43e1baa99206536ced9d'),(245,'02c4274ffbd837eb1394f58e81517565260c2d65'),(246,'dc7b120ebe7188a998562b73593df288c4f1847c'),(247,'adc066dfff3ce4d6b72a1b9f57275060b8695e19'),(248,'7716038a8026a43e9add2be53bbaa65fe347cc8f'),(249,'adefa60dcc9db1f7a6998658817de98ed7a5b99a'),(250,'3e6a279c49fab4bfb20abdad8efe01c596d911aa'),(251,'c24a977cb56e4b7bf18eacdb104570fc3d2f8a7f'),(252,'bbdc65201bb29fc26553db2b78f1eb33516bb15f'),(253,'2c20000167177bb5ade35919a0486de030b6b2d7'),(254,'8aa7ff1fb5df956d6e3bed50c610faddc0867d3c'),(255,'fa0e244c28ca52a9802f02647ce419455135161f'),(256,'444bc24b2666b961843d57702aacdd7b70f2a3b9'),(257,'e4617e3837f8e442e198e0c128a1301de2b29973'),(258,'ab65d15e0e8bd4fd8c77cf7aa64e5afc62316834'),(259,'84cbb6470e922ee5fe7e439b884f62b29b3e9326'),(260,'dd612975e52033435fb1323b5d7b038e2c8b1f71'),(261,'6b289fecb7455a88781dd29edec6db663ea76cdc'),(262,'c75d1a8afd90a131acb738b18726af4e5f074761'),(263,'ce6bcb21bc67d5e628608d1dc12e68f2416f82a5'),(264,'793e76a763357849a713d842b4ec99987d31e8f9'),(265,'a31e058ff78374e2ff77e8c1f9e2283c933a88ae'),(266,'ecfa733180e545ee5ff2ab8f99a7b854878e6d2f'),(267,'d006bf1f364009006d473a19229c2dfc65a8fb25'),(268,'4e9eb43b37facb0cda225693900036328cae1675'),(269,'6e01d4495f9c946474df09712feff3b634c715b3'),(270,'c6bbdd17d78d58dd3dda25b6ec28676cc07ec600'),(271,'c4d2940ae6d110f6fbcbe9ba9ebdbd1287ed489a'),(272,'13566c2fc09152a85ced48ede7aafdac125c619b'),(273,'9afc0de6a6afbff72fab45ebd5a5a11f51caa5ad'),(274,'f07bb6f4c5d47f99edcbc70eecb3c3bacc01d32e'),(275,'a5f56c599191977c81e745fa6bea80e25046701d'),(276,'85454a9f3edc25af46930f695112e5d320f480e2'),(277,'960e7ecbd022347a52323e754c9a58753e786415'),(278,'3ab753511744ebcf489191fdf15c2da3d42bdd19'),(279,'e249da2e894cdc661e374e62cb6fbf7dd4356a0d'),(280,'8bbb01a6ecb3fa13ccc4137c6023cd9d28f8b9d6'),(281,'17f3fa2e66f46f4c484c70714a6e84a4d71c8f16'),(282,'f30189251f8c69c0c612c7fd6917e8ddc38ef8b0'),(283,'4a12561c231e6cf5f4b27459992e7d25da979f1d'),(284,'6df7f4428c18f226b728adac55f34604d1546df3'),(285,'8876c1fbcc19275272542d50622cd288e334768e'),(286,'dfb4e8dc12119fa9b12582d35474e0673f3ddedf'),(287,'0511bc6dd729f593740642ea2b8775bb1383e866'),(288,'ab9f8e6cd79e9679c628c050ce251cf7a8ec2161'),(289,'38a542e6536f753012253be2e225c44024a316f9'),(290,'89f317c9035f4f843c73f77f6564b5bac001838c'),(291,'fb9619f28fdf74b476c6c712b68c774abe12e874'),(292,'d61d0d5130e82403f28f739cb2105e374069d7c1'),(293,'b2320dace09e8eedfa1393f7db4379ec6ccafd95'),(294,'4900155270f9d802c9c105ce117fa450bd896d44'),(295,'95293febdb5a98c52f7a944afe960eab8c794039'),(296,'ca17c7d095263898d6f0c56bd2daa69ca8be7df8'),(297,'b234a0ded24da031dfd54c9437fb6731ba44fbc9'),(298,'3878bca8ae7396cf6979123e2d0141e84a020fcc'),(299,'575194fe78dd54d5d8f87a1d8852d5c8a3b3ff2a'),(300,'9be964825a844478bf70de71fd24a41696c4cdaa'),(301,'bc539bf15e2ed9b4672036adea6b2be96029c77c'),(302,'27e5b59370488ddbc8017b5bac54caf6885cabaf'),(303,'18d843c3e6cc3e1820c3f882c18e21907f015eb3'),(304,'b88d071d928add83a1c3940a5686abe2795e3e32'),(305,'035dfb9f06599bdda956eec58798a1d30e1d4dbd'),(306,'5e5dc7324b532a9c0f153b3283ae63d6cbe40d8d'),(307,'de022cdb88ea7b8d5baab07b5d1b19f88eb661dc'),(308,'49811f6b420e0f823c326b542211f205a69cf590'),(309,'2cd3ec0e10bd26073b2d6d844e5213594f60f202'),(310,'732eeadd7cd456c5bec847774fa4913a7c584158'),(311,'c5de49ef43a39135c2113d93be664e33ae3bcf3a'),(312,'a66a4ca314fb78ff7df9f130166476a4137dd1fa'),(313,'19c341cf45831002205faf7a91ca2c196beee41b'),(314,'96652618d176448c09974b3a735c28cfd3c4b050'),(315,'892634260830578a5eabbaf16613d04565815008'),(316,'582d5ee558ec7591ee8171145d33eb5c45205f87'),(317,'00b2602f10ae4d1a2335cbdea26493c4ad794483'),(318,'8b94f0974b5f987a3587a49c7f7ba1cf13227fac'),(319,'b1e2b296846e1404909bfd912a91dbe8e04a7dfa'),(320,'76146f0c8abde455f1125311edb603a688bb3f18'),(321,'0bf0bd118c3d0f6525e9bd082bdef0932f9066b1'),(322,'01be373718099204eb2dded40d067a0fb57eee8c'),(323,'6fe9f16d5e5e832199fc1a2b589755232fdc8bad'),(324,'89210fa958748a0bea1ae67019256b13301c88ae'),(325,'935a0748a310ee9be159cc5ba1a411afa0a74983'),(326,'1daa2b87e13ee9146960721e0df8053e36307c41'),(327,'0f82a5b1935b1fcfe6ac22e0461e0a5a42e55b0f'),(328,'8340de61f4092d8a1717f82768b478201672ce39'),(329,'4fd4f2f6863f9d80b452c1978ad3b66aabfe62c4'),(330,'49db4b39969f52bf7463fe60fc910a54cb4397d9'),(331,'de3bfb9e5cc5713dd7232f8921ff7a23264488b8'),(332,'6056641b3de20d654075c1812183feb1d4a3c39c'),(333,'9a364e4cd941c1900267188e9ca443d008db5bbc'),(334,'3ccb514b4835bf08e9dbf43dc53b8d39ee1e2095'),(335,'e14093a3a0cc4e7c96929c421bd4c28cb524ed55'),(336,'bed77740b57e8a793ed0272c2663fac4e3fd6535'),(337,'febf7b0dc1bf1cd92c128280d8d6e1a9d67c0828'),(338,'ebc87c0c7863ce14ad957a6507fffcf137e567f5'),(339,'d538a6ab1ecd1aaaa624bc74a6853a8d717c0398'),(340,'3ec931f8dc1612ffda0c2fbcf64f1175a1161d93'),(341,'045b0cc7f15d53c4e5c4bd849252cfe40d402c79'),(342,'c3a22911e5b143bea4b60a9366a910c910f4cf84'),(343,'1b78c361e9119bb681c7db3eee0165d06fbd6122'),(344,'2729fe9bc72b96873b4b26532e493e103a63365c'),(345,'fa44ac68882ff6e4dfb1677fb7e3e3be53050df7'),(346,'5ef9fe67a9b4d48c62ea86f6af2e314239b31720'),(347,'464d0305a7b4e8283e51f9a2811627907c0cf3bb'),(348,'926ae8151ce71947be55b096d22bd0f89740b2a0'),(349,'c1dbce349b35da5e01abb7efc3ba56fd83b34f3d'),(350,'a8e87cf9b5576e85da0e97e475cc07fa07953262'),(351,'364d113c375219c43a45c8d0761dee10aaedce04'),(352,'196ff897b38284e2b06092b9600c614f0d62358a'),(353,'266281b0026a770d8e54f7ad013e620094a4d87a'),(354,'1b301ad121b3a147fcc95b387cf0f6704ae8e80a'),(355,'96e45293bcfd82712a29b36cfcbbe3f5b2b9a626'),(356,'19483121a06a2fb987885163c861937d4dfc3c29'),(357,'efb95e68e154b83d3be768db094ea688fee10820'),(358,'02143ba22465c58985cecd25110272267f480bc2'),(359,'d262eb20390df851e169d57ccfad2f8e3cea0d5f'),(360,'edc995015a955543a29e0764e50cd0605a078f55'),(361,'b98b7bef1610be1040996fcc0c003620e9e65798'),(362,'df203c6024a7ba24ac83585d09f06e1b30d7d820'),(363,'daa2069ad2b469146524621e42a9946939dcfba2'),(364,'062ec40b8a0c177d63264554570fbd668f085997'),(365,'c2ca3ae1ef8dd46c408fed4db9a35fcf3166c893'),(366,'9bd411acb37d16e38a3ee478e7488dbd3c0e7217'),(367,'12ed7449dee3f4b7566c08147b90e14d878b24f0'),(368,'53689e648219b709059631e4b8d97d66a698f13a'),(369,'a5860cea8239bc3beb1da02f32a2484a0f24cb69'),(370,'a19ecb22e9a279194c7eae07b5a6ad7d93ac76b0'),(371,'c5b1b0addd88ad9d2e523ff888addf67decf618a'),(372,'ab90739b32a5720ea6c50d8113a9ad8f83eef8d1'),(373,'aa1ba5b006195b092e2dce293b2fa6f9415642f7'),(374,'a5d0e16a393b1491d1c89840cb9d92ce9fea678f'),(375,'4f52f316a2c803ac61c8e1c5b4461695e1a64b72'),(376,'a06721695a8c166678a241c25a4ebe3e03dc1935'),(377,'7cf02ed6612d1d957735f7461ab59fee1e423d10'),(378,'ebc93d4aa6b22056190841ba2b1e05c5e2c9583a'),(379,'5e87f71ec4dc8529a7dd04da9a1dc0ff0dc7f09c'),(380,'f8d6655d232240eb290647ca277f54e1282ed649'),(381,'37f6830f4435c1fc25fff24c0065ebc45ddc5db7'),(382,'0d22b822c18f6ca72f52dc46e030909a307f1361'),(383,'755971f990e4d28206f67107341085ba1117c976'),(384,'823cf9d7f00521e59d191c6b28578b8ec944a331'),(385,'16e8cc9be7da40a733f6637471ad90f9895e1550'),(386,'3c0eba8532b107b622b329ce600e02d5120fc738'),(387,'23b679bdae0a29fb070b3d6343b3fef84ae38c39'),(388,'7db5cc598554f8eb8f08421665a42b576d126641'),(389,'564b9059cabfa71a4c99874b7e7915f08b6d2dba'),(390,'8521d347ae5a19a5e1b970cffee2b6906141fc54'),(391,'ad1d502bcc01f0f52e0c09ce40cda624af7a7c6f'),(392,'5e2973b269ef4df02809ce7ad019ce68518b5175'),(393,'e57fbf7d5f7f45932006c6b6889cd0444db3ce29'),(394,'d0fa6740724b3dc1f1036d397a22ce4b7d799afc'),(395,'13870ab2f3fffdcafef3516c0864635baca4346a'),(396,'f3c07dee220c852797fbea15767fb7d6c659c2d1'),(397,'d94f4f8a21d148ab365cb7c88c46d854a118e54c'),(398,'00687c077fd0889d2a980886ab910a07af5892fb'),(399,'90183b3ac38b8f3a9d9b44ddf5c571008b4e4a5c'),(400,'813ef6d9fe020633871dc735a4e9c02b989190f4'),(401,'84649e353673217a2b86e1bd27da2595250a7da5'),(402,'65d19cc4c6eef2c85027193eed4e71423b2b2a20'),(403,'a40cc981598a84725e426c9c6923249ad15fb49c'),(404,'ee7d379b72879277498444a457e7c17330b4b094'),(405,'513f7bae3b441d5d24db73e5f0f32e41c8843c72'),(406,'7280fabf1c8007a5003eec82c095fcc7d0aa8e15'),(407,'92f8e60d4e0d8d31fe232f77bb1d7b0a6ac11261'),(408,'68dd4b4522948d92ed887a3994fe37ae9527152e'),(409,'bad92e55544685897b883211c787f60a7febb619'),(410,'e6196501f9c18ac5b80180f1bd3dba7bf9093333'),(411,'d8f72c68bef992318e355045520636b5e96724b8'),(412,'92779acf71ff307ae008d2af146dbafdba2cf6a2'),(413,'aa08de45ded64f893c6205f3a3762ef4b08a9e1d'),(414,'e25fdbd21fd2534da36767e1406eea1948ab1871'),(415,'e66164ce6b888b0cdc9781e7816a98b0e97c8d81'),(416,'1727bc6b0743bd49e6fabd53792d5911de583fb8'),(417,'c07c049e914db5f018080f6a70d4167e03bbed66'),(418,'95d2771c80a92f38bc82a7b28baa97a4157bc0ee'),(419,'6f460816b6b6c35408663fd905885bb666888173'),(420,'f906e6c5341f8414fc95f69b589754691773b823'),(421,'863c9b61b98da2369244a3b65f8f28ba21bd630d'),(422,'29b4403498489c9ec2360cb1b8d9fec363e764ab'),(423,'fcacb9dde5a7b2c9cc2eba40da0e00144f1d7100'),(424,'6a08931336e466c2423bdce7161ca974cfe89d40'),(425,'5ed70db6ba3da1d33a338d378119bf5f1e63c807'),(426,'d29424288b49dba270e6141caa89258e66c3688e'),(427,'1e8ee93d9006edc27fe0558a8fce2e451f636015'),(428,'b83e2d61097d281dcd80ff74646f18ea00b0b4c2'),(429,'e24a97ea2ba4720ffed1470021be8c6990a05f4b'),(430,'3af7dac09e95fb6511dd1e0614af9a3632c04d26'),(431,'7ee10af602550e845e4a5fe66c847fafa0fe5c64'),(432,'987e289b8018538f6917c3c6ee03fe1b825ff7ac'),(433,'dcf4457d89d8e5724710370b3aaa89565e5327d4'),(434,'cfc5f091d24fa20a2d50fdeeffaabed66bf067ab'),(435,'931f702aeb26b010f6759d4192d593119fdf8fd0'),(436,'5a78aaa5521011d9b54b85cc9cf136e3f4dfaae6'),(437,'da043c321a89a7c42bcc5ee5a3dda6be4f7c6326'),(438,'403f6b5c7ceb7997c4d0112fd48e2e6589233d6d'),(439,'16de6b15137622a8453a23822b4e4ddba9af1785'),(440,'0a4cec3395c92c3bcda6db24daa5ad5c02d85f09'),(441,'64745ab51b1e44e3e99e77cd836c695a826da78d'),(442,'e4d1fd1815a760e2a524f40c3389e71a97007e75'),(443,'240de52cdf8ccaa3d834c70cf10400dab3c38a92'),(444,'c2195c7c7c76a0ef7a6ec0460f4390f6385306c2'),(445,'4004a1bc8d1ad7c4f8e4f45061d9b52da2268718'),(446,'2363ccf360cd786f12e599f1690742c706c230d1'),(447,'26972a567cd6c5355b48bc95a74499fad1a54ed1'),(448,'de207136c907e79bb6125ef2ee0e0ffecc224ada'),(449,'bcf4a681b65eba7468bfa62c6aa186f33d945059'),(450,'dfc2a85cd4c7fd110a0223a283a48251f2b4b810'),(451,'ab091d6b7cacbea128020b8402c53a5ccd000166'),(452,'3bd31abecb60f9cbaf8c7d99f557b10fb6792dac'),(453,'db9081a6bb0a5a2e241744f30513ea18dbd76caf'),(454,'e407c5e73b88ff68c28d22d5277bfaf8ec13fac9'),(455,'bda32e42188d257638e3f63957387492170b0e9e'),(456,'3810213332579f8e95f08915965e92ca61f0251d'),(457,'5eee2d14a09c3f6038d7e33cfe11964326b2540c'),(458,'a81f92aa398a7b6918a965d8076c896f105972dc'),(459,'d33e6ef270a0fac52287b8b4fa1151592d773968'),(460,'c582e0e7a9dae203db7af896a8746b6943e17fd8'),(461,'70ba8651bff025eda22ab3f92fb6b114582ed8d8'),(462,'9a6dc12c4540f15c007576f487004058c2631daa'),(463,'0f987934b3440c9af0141fe63324b9b353c246d5'),(464,'4d5e30ef13e5d3e21b3974063c74f6364c301b1e'),(465,'82dd9ee860877eae4b25b983b49bd9eb8ec11c46'),(466,'26da877f8f5c196c03da45355f80c6ca8eca9bc2'),(467,'df97efc12b25d43a3447b357984a3049becd4f64'),(468,'6ec6ee77b45c422c44d74f66eb363e4f72e779c9'),(469,'eef27180c531995da02d7bd2f17fc7030fd10b6a'),(470,'2f76f633125c43df72b57059bcccf401d27231cd'),(471,'f07e6f69cf3c37ea17dbb0cc2647d4a360be1946'),(472,'759b5b856c4954a5d392966bad5483178e61aec4'),(473,'0760111966c416a19c963f4a940298395cee4dec'),(474,'fe06cdf91b21b6c644d98931f380cb650e5e129c'),(475,'beef63a78ee1b28fc290f48c2d0f5ef0dd35a56f'),(476,'dcd6f7598982d6f4e708c97570bbf8690e0536b2'),(477,'3a2d66882248eaafac777cb8ded1b37dc0d4957b'),(478,'752670ae428abee56a4add1e2a510745bef73509'),(479,'8cf5a4408fecbc6f84301883477b087b5401279e'),(480,'b0495ac7a99c43f23062021153676b9b37c7f0e7'),(481,'ca9d8c42d1831a3381b3319054d6a37477a504c8'),(482,'bc5bed4607263f42ed10d563dbd9d1cebe0ba0e9'),(483,'7a8c7b6c1966b06be54697b83d6e62307b53a175'),(484,'24c9e3a0f853427dacad6a9d25b8d2a898b3101b'),(485,'6953be24faad288f40c5f04c8236f1799f8535ad'),(486,'0416ea443eddae460bfdc46e80fbf02bdd5eab72'),(487,'ed807d201467acbce09d2f416b5509f742f002ac'),(488,'8e1ae0868b48721b92ad85344aefde24fbba4a2e'),(489,'a61a0b4b7c061f840e446a010d1d30bfb023d5c3'),(490,'d4cf1683f4ce2de7cbbad2cb0a6331f071c5097c'),(491,'34018091d8a3f4f56d461b2714dd7e80e6cd3352'),(492,'e9624c431e851101f8a7e507634381ce8c869247'),(493,'2d55757a01a1b88fc2333a5d6fbbeb38c64e453c'),(494,'a2720b0edba8ed9992f7b90233fe286c510c332b'),(495,'86a63aac4946b6608c0ab6d5b5881c5b18f7d343'),(496,'75a73739fafb2f70719beaf462a9c40507c05f8a'),(497,'4a8f6039c700446fcd32b225dfe3131ebee00063'),(498,'a25b2e8564854059c5c4ef49c015cbf9973011d3'),(499,'3f963bcb2e8db651f2b7097215cd9426001f90eb'),(500,'ea8cec7816968f6ffdefa01f6bec3047ae6a02ac'),(501,'a55b7ab146c648b423859c56bc7478eaefe2cc73'),(502,'c563ff9d357797e5a2fb96be53e2ea5bae5e9851'),(503,'44a72720ecaa183997dfb857ba5f8e51beb8ab60'),(504,'6206622ffd04fd849278a0104c54896cf638b54d'),(505,'6a5064cff6e6beabc7581864504751cbca64f1dc'),(506,'f4916e033e86410626f0b6184e72a5ae564c0129'),(507,'00ae94d45307d0d132e120cd5b6f5f4970158d5f'),(508,'5247b8ea685334194f5eb17c89ee1e8b91cc3e95'),(509,'838f71bec895bf53722aa8640f5f50108a7e28f0'),(510,'8fcba4c341e66c37c2acfc0d7563f8e8636d411b'),(511,'401126c2645bda59ea3777240099203bf693576d'),(512,'934d7a934a84f2f03740b64bb384713e90146dda'),(513,'d64d60a1d91505ee25047bc8cf0718123286b078'),(514,'98226fbd7bfac24a97f467fd9045a163b4cee5db'),(515,'35a86068c0a3cfb0f1eaabeceb87021567687435'),(516,'2aa20e9780a804246ab5aba2f3c840b05a30b173'),(517,'96cd6c4ef495ace84a1c4b41b05383629e07ef93'),(518,'9472fe823a64088e7f3ec2bf321a8d8b95a62e5e'),(519,'bfef8087bf90e65aaad8e7a867ebc372166da48c'),(520,'7bd0206d305a6d9d37d055d55b0d25a2ac4e90d4'),(521,'64eceadc37179f54423cb55fb4192711e68d452c'),(522,'89166c5178a9b9f343bec31396e70424adc9387c'),(523,'bd177548bc4c9bc0a2a2ba8f39c57c87be0a932e'),(524,'cc0086e66e09fd6b88c8d2c2b5d794897130920e'),(525,'a8797370416034900367b2f78ea94380fa2021a8'),(526,'48555a587a088bb537d4aae2d390bb0f5ab84932'),(527,'4f57d9898a14d3e93619f8a41ee0fcf696a289ff'),(528,'840aaf6e0649193d6b77dc3985912d51f77e0cda'),(529,'a725234f163e39f3d173c20567f597cc6e003068'),(530,'c0ee67c4e44e684f50dcbe55437b154f651ec4b9'),(531,'78d4b8a23f9aaba11d7e4abb4a2cffa45bbb8386'),(532,'7375602b83ae4aeb2da4a27110e0a27cb0a7f70c'),(533,'7f4583e9ca78bdfe0629ae964941e263be6bae4f'),(534,'696a615a5c64092970c9160e0409b1cd4dc8a367'),(535,'f60442789f297d29aafc44e9dd048d9d2c0099a7'),(536,'55f6b9fc23a1fa1a50a883cb27855b405d7d7d7d'),(537,'360be76a3164b321d78efca8c61dabace5f9c569'),(538,'5709388452d2cf3c14446e63eaf39d27dc7639b6'),(539,'0d04d18bb6c6978ae82421bfda744cde76ca6246'),(540,'a6baecc0da6a1d62f8f15abfdfe8f83ae0ba4ccf'),(541,'4c7489e5261449cfddf4c6eb210648715cc23256'),(542,'0a87cd5dfb93f36096d84647ab6dceff28793893'),(543,'02f510677c085f04d0a2a8338e1ac68e2d0d0b46'),(544,'a4217fbe4ceb92e3f987c870a3c829e56413ddf1'),(545,'2bc5fad1db11f081a336e54c44964bfe7f557922'),(546,'b9ade6c94a7a90a78375332e4614c10efe25ecc5'),(547,'6e9854d008e268a4430e0007101bfc3551cfdc1d'),(548,'686e957a38c500b9677f045ededb7f0929cee5fa'),(549,'cdf053b3f89b31ca5dc4d4ab0c9afab43dfd1abe'),(550,'bd46e3a15ba3365fa3e86d1cb2f5a0c84591afed'),(551,'9798d76959e7babbb66722cd5c9a48efdecb7e4d'),(552,'7469ad620eb7a2017734669db0eeac923928945a'),(553,'eb34228455f600f94692b47b0b5498139c31dff6'),(554,'30b7b2b94c84f2fcbc0672993739584a2cd200a7'),(555,'4589d65b9f9d1a7c5e6d9f2721344a06ec2e7540'),(556,'690dd1c27bc7f58e5349196d6ea8da5233429c01'),(557,'1531dc577f5e069dbebf4868f486a94c50546bb4'),(558,'43dac00dcb95c991874c4f8a16a9ada914f630d4'),(559,'affb8898e9bb1b34293b9c592a789180b6ad90c3'),(560,'a6b549a409ca904fa86c948e2807d070a3e73ad7'),(561,'7afa1b015fb954d60dcaa7b1ddc1b8e76355a2ce'),(562,'840e887d5c2d5ebe92a73844791ad4c100d61c8e'),(563,'4e611a4643618f0ed7f70774c6ab62d7556500c4'),(564,'1ef4051b5cf2d5dbcbf227d92a25f3c91ee8a65c'),(565,'16632b94aa41e6f710c4b76c95696b3ce2301058'),(566,'f1a0b4ef4028f62dad56b3bae406080b159b06f3'),(567,'ebb251f09616c22bbf30d5079f28666798deef2a'),(568,'05c08410cce1b1058af1088b854e92a899cc9207'),(569,'90b9419a13237eb70f97ae90f5ae4f16fdbe13fa'),(570,'a04b93d1885c7319bf72b03282f834893c06271f'),(571,'aafba7d6203ee9e50cb8220b16597b40cace15c2'),(572,'188d121f7cef85360c2b44fdbae7bb5f5e0124c5'),(573,'bc9108ca4d6110af4c6877753fff625afda2a3f0'),(574,'2ff2f791e7669e14efccb92a63b19f72db07e7f3'),(575,'ae10e5b5f5773981be0aad3843ed11b99c38924b'),(576,'9d9ff032f86fe4abcede71f876e66ab2bc0a67ee'),(577,'beec9b560f2fbec00033d0896bd521787b0e7c2d'),(578,'d23763de713c5aedade1e30e631f16bd2f88a9ef'),(579,'2a88828e4c305da3a39b2e3840dfb2db903ed398'),(580,'019320f9a3f0b49abc79221f128a77c86ced7509'),(581,'0eb4a9e6a087b37cfabb0be5fe6a2187dff34b29'),(582,'6a29a7dae2a44d92f4a7b14fdbeca67826c60f19'),(583,'497b0d9a56c4782ce8e891a5946148bf56e33efe'),(584,'48ddb3fe9ccaef44481e5dcc6e1bd6eb6a8bae4c'),(585,'d8296a7f6dd8b7cc4db94d2fb69f50ab54eed3dc'),(586,'0690e58f64412f6ce2840d75063cae8c03eae216'),(587,'98a633220533450a3de493b89a0ba4f6c463c2cd'),(588,'d989c75069f123029cbc2fd2e03c9ed39cfecfb2'),(589,'d107a8cb8151c21c7662344e7f6beca87b4a7727'),(590,'7be56d059bc57a7981d1a112ae993ae1135fb8a6'),(591,'d7fc3c30c7204892d477370082a99c14aa40be78'),(592,'0f708e1def7eb33de9118ae3e0f7da126fd9ad10'),(593,'fe2634328d060e617331b5f1373bd8cb9ca80530'),(594,'f290dd8862cbb4e8bc8808fcbc79825aa16348a6'),(595,'8d23f768d2c21c0e2a49585b7737b5a0c869e14c'),(596,'8ca1860b15dde07b9bb23bff656b540ae3b54924'),(597,'4561b35054d5cf8a74969a34b70453f843308912'),(598,'c6f210b1bccd53862db782cd5df457c4cdb17130'),(599,'f1f6afa9f8ee290c609d6afea1633403dbbcfba4'),(600,'7a0117749beeca47b0d6c3eb8d9bba3e59b8e7d7'),(601,'ca2a7677e32841e2ec5b4fed3bccec9789e178da'),(602,'bf3207b648049ed4937552a022182dd4c0815ae0'),(603,'c270073941d21da09afe758780d6041e9d8e8513'),(604,'c406a5939c804aeb393fe6876b669037e289e070'),(605,'a4349b560f30cb67eafb430e6f835a7f87e1d9c7'),(606,'22f92abd688b775ebd8bb85ec502b3a76b6604de'),(607,'32a08607476149d8371a88428fc2568bff6d2934'),(608,'faf7977b3735a8f0681c4cc80211c54f1a7b5278'),(609,'851d05bd747069e6d73f7d9ad7d6085cb29e4e69'),(610,'57febc4955f2b898ee2e05daa48115241a6258d6'),(611,'6e4e0c32b9014cfcd24dffac85b44225f7d84ca3'),(612,'216243fa48424acba527232427639870c277d74f'),(613,'879b84277d5f120c021d75c7143d474b019eeaec'),(614,'62c6d77288be1a729488b57444ed1e2f3b0f6815'),(615,'dd2947eea2e154489d8ae4e495940de20a62211b'),(616,'d01fbe42e185b83ba0adba1ffb2d79f564b4af2f'),(617,'ad419719ca8fad0e22e8c754322f8e2a4d2b8d6c'),(618,'5e329461ba62c26b9faf7f11c1705e79045134b8'),(619,'b035c7a3e38ef7b7401447e98e0f79d4b614d278'),(620,'7787852ca5d527c6fc076632e353c24296713cbe'),(621,'928862842b544de4457f2516e83827ca0df65611'),(622,'c5b528232f5df8cc60500c7766d38193a2e0f775'),(623,'13c70e9676c09f9b233b63ebf1abf64acb345e03'),(624,'7ef717f461037bf2359955f6609d934eb4025e6a'),(625,'1acee0d18fb7fb073e515194b40f6266d6e639a2'),(626,'df0123320103a289afb1bd4195ce4df4a43e0c1a'),(627,'8b9cfc6f43084e3c3dc12c6660909f7aeca07fef'),(628,'069fee053af06b05d84663f1208987451ae222b8'),(629,'22c4d8eb16be4d3fa4121d276fcdbab8fa6949bc'),(630,'9193cf5f282f82445d07ac00b8ea4bc8b3b236d6'),(631,'c0afeed883f577d5f155f9ebf86fe2dfaae012de'),(632,'90d2ea1eec1a67a91b6f78d07e943c08276e85d8'),(633,'0c6fc4af18673c7de1df266d8e9cf04d5df747d6'),(634,'5e2f3624bd66fbdc2811850217a3bc1a5a07facf'),(635,'b0606d907f24c11fba49538bbdd4b00e19cf0d3f'),(636,'09bc29aa54f431868ee7fce6e1701cc429dbb8ab'),(637,'e1ebadf9f2be827d88a776449228b1dc17cb25bd'),(638,'39aead27906699b631fdffcbb2db3806fd281e1c'),(639,'93fb8b7f5be4bef52bf99564d8f9741f6913f630'),(640,'7e41ae0f10247f6d7097a09db6ec30a38c30e770'),(641,'d19b84bffd0b7896ab160bd06c32b00525f9c0b6'),(642,'ec83aecbe7cd384ff6bbfe8cf639ed96bea44e2c'),(643,'c41cb84675de1837ce29420701cd632cdfca732a'),(644,'c0cb160dac94dbbccc4f83e0ed832ec0a6879275'),(645,'d085c6613e838b21487a603fed1049650778233a'),(646,'208574d8a5d0d3eb504da7028ca32e410bfc5a32'),(647,'a349e332917931a985b348c41c5a39469c4311fa'),(648,'a7383cc8e630b8e783fcfa193474c300c216072f'),(649,'6377fc784a1ff081bb7869cb077355dd660e246d'),(650,'20516955932563f343faf858502fb4254ce0d0ab'),(651,'ef0cf286a52725a20bf6106cb02c6078666fe0c5'),(652,'07da3caad97605fb37d8908ce577ad5704e34172'),(653,'7ebc2d4c0063cb94e6221b17caf2c2bd07afe1ef'),(654,'129fdf5f0aaa3f886eb7d508a8382bcf3f33ae26'),(655,'d74b038d2ac5f9bef889d0225d396da5009f3868'),(656,'2612a2c10f185c17e5c3776c37a1ab01201f5083'),(657,'58f3b5f1098c9cb096daf185b39a793688268858'),(658,'02730a56b687465f9c5c0d24021715de6e34edb1'),(659,'eceefcc6515c245d10ac298277f98843d8f2b147'),(660,'745c4d653f4e6e49976055fc01d3354223f28596'),(661,'5f33c494e02129b70e64d031192cfc7358a4a672'),(662,'3d6e8030d17c3f5e0aa1a4cf9c6aa26fea395f75'),(663,'54a111eb3537942f2541ab622971b15bdf258603'),(664,'37246bba8493685948ff507a37032fae7bcf0007'),(665,'1bbc4995a5f4ce0c1d7d8abe12bb1e1141e4e7f7'),(666,'7c565446562ee763173204bbec962a26d8aed9cd'),(667,'c2b6121366ba43a226f71ecfb8e8be26668f16fc'),(668,'018d724fa96114e8f3f93e14cb219a1bbb1615cb'),(669,'6a284f6c7d376c5ec15bbef7ed72d98d389b873c'),(670,'d44bc12a74906f315975d3422d61ad519cafa9fb'),(671,'a8eff905aaf144b80622fec9ac907c55626582a7'),(672,'7f30315fdf6e5aec32503d7327e3d929c962e78e'),(673,'c075495b32463f6f6cfb408d1fb4e4230d3c88f2'),(674,'0644c62798193f2e8c6d178e06c604e5b5a5cfa5'),(675,'226f8b23ed5a59c1892597e1e8ba84891cc8c9ef'),(676,'08c34e749d1a77bf32c12fe4107cb837ede4b4a5'),(677,'e33527a9ec31470235f95c8285f78dafe0490f9a'),(678,'08788046fe971cfb00fb7f3a3548f90352fa6a60'),(679,'696e241697bc660a2da4d8d0c2d04307c372ab84'),(680,'d73f60344d46fc16520375c784feb9e84012728c'),(681,'fea45cd44b8d55a63f89b81fbdc278ce1dd56be7'),(682,'fbfadf53644cd2826c198692b37f1f19dbb24832'),(683,'500d842db37b9583f435d9a276989775ab8b212f'),(684,'1578adb3c71c42a4ed857336b383b7f5c18526d5'),(685,'2e114578d14d5d245dd9e44dddb7250f88141b1b'),(686,'45c8adbd8cbc2b9022d7e370e7d6151ba2397ee9'),(687,'58c140f11f00589fbe26fc6be709901eb51bb347'),(688,'e288010f999bbd7ee552ca1bc37fba53d7089202'),(689,'2376eb057b72b70d27e8edd759532b654765a429'),(690,'588ef61064d702938c8eb075697cbbf7d8da02a4'),(691,'db35471048fd8b02ce9d6b711f75b7c7bb8ab397'),(692,'297722f118e25b086ef725a74eb1c9cfd65a69ff'),(693,'1b85f5ee69373b2d22c788f14d0dafee0b496203'),(694,'8667f05c655e7cbda2643ac61f1cf46e608e209b'),(695,'9baf81c41c033a8699969c33e54cd9f5dd22b5b7'),(696,'128ec69427ff1de2c0d7bc5e1670c8c19d7554dd'),(697,'4cb0eed64e84f096fbd1ac9547d0dbcdac4e68a1'),(698,'84df635c0a6e1650e0b56ad1b572d19cac9b3295'),(699,'89c1917bb0416e80b780d1dea226ac0527c77de4'),(700,'0991c65df03c7ddb1dd73d499f89f4095a6e77f6'),(701,'4b7b201e186780691828f4ae2faf57c6e9ebe9f2'),(702,'827343760942030b01f26dfc2875622a602eb473'),(703,'f3c0abc3480f8a660df8f606e889ce744501eda8'),(704,'fe7117fa879097d56036a9d7e029cc3741a20f4a'),(705,'f0404df68a0d4fe0114b2661c4dbf72b9c4aeee2'),(706,'4d26327a6bc8b7f5a3252677ef68b4d95a0b7fc8'),(707,'363af58b1d0fc2ba684650f7d80d05ae08318bec'),(708,'60084fea226a13f03091ec7cdac672f5c3c3193d'),(709,'d53f911b99280c8892da9ac6ed566442b036bacc'),(710,'1752ae17039ddf861dae792b5a573d038af5da82'),(711,'51a5899ef73c5ff25f32290fbeb4ebd32c2f4d6d'),(712,'b423b9b2003ee40cb8afe51697e6b79546410731'),(713,'da1fef49df2e1dfe85da672617095a666e236048'),(714,'eb5ec2819e8b3baf5fa25429a87eaaa045d2a67b'),(715,'b0540c065d4774c7b7e76a1ef168dc30790e0e47'),(716,'5d437caa7ec5dddd24675d5e2bf1d77be2da9b2e'),(717,'670c2486ac3c3447a55d03287c0a9c5aa165b770'),(718,'07af64c4e7a265d17b7abe1a4ea263bf1601ef35'),(719,'1e1e14ce63ed4a87ca12f6a2ec572feca6b42e28'),(720,'983301e4b641b52b4cc74ceb60a6d714837b54a7'),(721,'ef0c7628cd572ef426a3f6295fd0a31f8f7a7dff'),(722,'9dcdfb4fe91eef3119b584bafc7b8cbdb0423321'),(723,'0134881f086717d95daaf2a27921617e84da5da1'),(724,'4b2e1ac5d6d13b6cb17f16c06b336f847f3122cd'),(725,'74c2e798e2820522faad3c1eb6a4dcac9b56c46c'),(726,'3550a5024517d5436e7f4c6cc596c5d1265a0829'),(727,'27588fde290486a6253b59d79c93bfa7099de229'),(728,'511584e5497e8799830cd267b71f83bf1f510679'),(729,'36725d3614f81ed38cac8062bc70f77322225034'),(730,'c657bb566e4db8dff7c7396ce35e9ee5db9bd7f2'),(731,'476396c78acc14672428a61bb0f9d9e6e90399ce'),(732,'30e21cce9e7799ae75247a481b6e1d4c77df60dc'),(733,'3d0cffc9a44e907dbd38d6cf622b1a13b04745fc'),(734,'1ff1197858c210ffa0f0dd3b8db01ed37fd716cc'),(735,'83565be36f1b72e615469e8cfcd368b3c4dabbd6'),(736,'73c5cdd80f61f4b4b63da11fc97c3eaa8961608f'),(737,'a581bf4be5b75c4c0a051efdc38f9581a2db17f5'),(738,'168ef2828dbea851a8c265866d2075ce030b19b7'),(739,'29af6f33cb2eedde6fdae6b099d3837c7c66fa90'),(740,'8d186a09c65775cf4c478042ece9d52932b81af4'),(741,'20e6c636f5dc8520c6463fc6f66873eb5621464d'),(742,'5b467a1c08cbab7f505618ab07930ca44e8ffeb0'),(743,'b8733b238953e47aac6b3d3d7fe3256315343578'),(744,'334947f73ebb9344982fb95b995d05996fabfc5a'),(745,'826b4970fe2e05cf2ec4ee873effb6352c83398d'),(746,'10e9bc43730990a1bbc93ffc93fb1bea57b81d45'),(747,'d12d3e39bace1f2a6c35ffbc89841157dfcc51bd'),(748,'42544c5bfc8adbd11364b42baca4bd271cb9268f'),(749,'130271016517cff46e277ed236884696e4bbc73b'),(750,'7b390cea77b41f3798bcb21fa773dc640f0b8572'),(751,'c52fe56b0794ddea38faef4022ca3749b02317f4'),(752,'e5d92335f4c09621718564a105b0ae8257b38a55'),(753,'e6e46422dec8a8e1a47187a4e7b4c4bbebd9c1ad'),(754,'c87bc58e918033337271d0008db78be9b2c6ea91'),(755,'cfc84de364f15f6bacc97141e78a6c67877a5bd6'),(756,'caea3a8b8c6182cef12fbf90ca32574a53e8ff29'),(757,'535cf1480eb5b66ff2745fe87433a4f9c69e6e11'),(758,'fa2097af377125e1ec7f719ee19ca45e38aa4865'),(759,'ae4c691213143465660c78e7fd8ca44e23d8e726'),(760,'f0ff1b45bd4d23a36d2e2dc8bb8d8cbb04ee4a40'),(761,'2b9ffedffc5ba1880f4f267ddd91ef20c26f3492'),(762,'da11d765d142b2ae39fb4e7453ecbdee93b22417'),(763,'00161d20459590fcae22b9c562f30d6877300806'),(764,'4d0f25f0014ed6c961bdacd7af964bc8f0695b51'),(765,'ea2ba6719e3c85dddb5829897e5b060f6c508ec4'),(766,'935ad823ee4b52a4cc519abcb368b4a959af34b6'),(767,'76479a46b27652dfcc5dd6cdcc8f4e39b42b412c'),(768,'3fcd8b9747c735447553a6a63ca95ea8f437cd32'),(769,'36dc4fdccaf8d20752dc100d7dc0f2f8c34dd231'),(770,'96250e034f36579afd07250c844d52cb7fc53131'),(771,'1ab3dc80b1a122591410c1591964e8eccfe34b10'),(772,'0b7cbc1a4e1ab6d896d11e782aa91117cd9ba41e'),(773,'1f69cb24b3d6a8c4c7cfd47acd811234ca8c4922'),(774,'084f142cc6f6a09094ac4acd2e52df03cff01141'),(775,'0ef61abcbe34f6916e793175d812401be58cafcf'),(776,'05b280cee208c5bcd2ea1ef069f5a12151493f8a'),(777,'d36447e773b47c67f53d24865afc03fe60e0c5fd'),(778,'4bae96c4e4203e8c9faf53b64d013b73a403974a'),(779,'bf1c500bb8fcc85433e20778394ee27cbfd70a5c'),(780,'6ce30e69cbebea687e218a9e94365c5edff3914d'),(781,'39965d58a91fdf16e63918897b0ac36a0d6d0a1b'),(782,'aaba950f9cb5e90f42671430caca56001b76e705'),(783,'e21be7bdda6ecbfff0a85e5460d1123b9686dfc0'),(784,'59c5e61c41d91f3b971e56dbb9a7631b5d1a3448'),(785,'03eeb12a016f623f38bfe2c90a2e6e6e772e3a51'),(786,'e7b3fa4eae6830e347c93d34e95dca1170ad01bc'),(787,'c2e14756229a12b4f90510d989f765328f913c62'),(788,'d48548904d2b995a32640448c8a5f3ffbe2d8587'),(789,'4ee3f09431110df5784109a09aba7b6b96a7916c'),(790,'7439e238474cf80b91e21391bbe4003ab2298f16'),(791,'7e283bc0612c86c12472667b9ce48870313333b6'),(792,'51e31f87b7cc6dd84565a10fcf9c6f999d36937d'),(793,'d7cadfdf9adf7337d5dd4d056a48613ffd12f9bd'),(794,'271d33b9713f1258d877ede7efa3a6f1ba5d75c0'),(795,'9b62b3fe061bb4c119918ac23478f55fff161ea3'),(796,'aa77ee0c4a06eedf2fe4517a3c8b38f6c1acac83'),(797,'f18612ce3931d2873884905fef2a33b9d581ab20'),(798,'55625cb192b9bd17b406492fbd6ce83306f78fbf'),(799,'3b4dcb561d48a057dd9c0b5aaa0840e963a55b8e'),(800,'accf6fb88915fb1ce76934f28fa4cdd153b2051e'),(801,'cddb1f4867785ac460b4ba796cd7f15ab43000ac'),(802,'238d6dfcc49320fcf963f785b79aa1fc178f2062'),(803,'959d628b3737155212e16acf70e9407fced27a82'),(804,'5a4c94af437476a6af58ed72a6903b14e9688afd'),(805,'348d73747a9baff188c19d0b63d9d495ef7f7639'),(806,'de74f46e1209abd3798ab355ab466a3b34eb01a9'),(807,'f42f03ee000c41aeba33fae6f82125e946a66679'),(808,'e2ee44a2c2d4a534728cc046350615ff794afd41'),(809,'9ef0346ef5db7ed118e23bf99ce820aff843b3d7'),(810,'cfc4d533ed8f362166f69e6de1bcd5b2d35c197d'),(811,'e10789f18a440a87bfbb965752e583d8dc1f3895'),(812,'8a9566bbbb4d6d5f70d59eb27d1ffe9417bf127d'),(813,'ff1eff93d35d2b51365b990f0d49211af62d5766'),(814,'4c696e85e498a52f3022f7c9382563df46c8937a'),(815,'f8cc68a84b74822e7d535b56468ccd9e61e6a797'),(816,'485aee92af0bf5f07204228655de05c8f77b8683'),(817,'e0864c40fce8ed9f44d107bc417f9c9c75146ecc'),(818,'2515c61a3db5563e486012bd93c415b8664768e6'),(819,'67237f543ef4bfed58141b992db51c308c883c6b'),(820,'4893497ce9f40dcc77e36e8bdd78a9fb96da9d88'),(821,'67be576790f1732809b957af3e0f82fe2670131b'),(822,'bed7de735769d3bf357811d9e0935f410978a48a'),(823,'ede7fe4591c04688de7c2c4b441f2f6b70ddc425'),(824,'ca9d969b73ea281f24a9eab1c0f4d61a2b11f8ad'),(825,'35451b4ba1cec7f6ec6734eec0caf34fec729efd'),(826,'8ff3f59260240c7d01ee130d1d848e1e423fbe89'),(827,'d584e606680974c3607441012d37bb6ce70e2f82'),(828,'ee2e26e2d80b42484f1226df0b63f0e0df7553db'),(829,'15879250af94bd174432d69d2b410c5d37e27949'),(830,'a4ccc21b0176052270cc8a56ee8f929e2d880f09'),(831,'4e490e6d322ae836043646bfcab169eee9ac4190'),(832,'3636c41e456c0182289b9124e3551d6e20489e82'),(833,'0cdab3da2e25d61f4580ff423a481ed04700bc69'),(834,'c3091d506ec516fe1b7af5c6813c94865912a9ed'),(835,'ab8f478edabe42631331523ccccba2211231788d'),(836,'fff3ff514a7443454ec853bdb884cfd64d0c8f80'),(837,'9a4127e605bd41fa52aaefc1e74ae102176bf249'),(838,'517485f2866a67d0d64eb6b7603a143bd27a781c'),(839,'8682ada996bebe72e4ad7cd0fae7a44f5596f1cc'),(840,'6c1b4b43be81d557989ebb86f270da0d6d671823'),(841,'a24d788c181aed74e8edfb90dd833f59238e950f'),(842,'b7dc425fe464a5b7e0afc771a70112e4fd78647b'),(843,'c2d7feb1ad9aa4dc7ff6aeac04840f373d06e8a1'),(844,'48b8067b82a8fefb9312bfa81d6bbc16beecfda6'),(845,'13bdbf637897734059f5bd15174e519b5d50c0d7'),(846,'fc59e29d8a37cb1d2e9365044b3a6073fc93c90f'),(847,'ad032b577cf1b7162f2dd8c66bac4a3920d20bdb'),(848,'e29eaa63ac06c2e2c423c700f353ea3510569ea3'),(849,'d34f3d114cbe3c24eb0f96eccf6c66bcdf09ab87'),(850,'db2fd2e7098f2782ff5137dd271223559850bb54'),(851,'76a51b0ec0d85c466bd979ade15277b2759f4960'),(852,'9b4f526f044243e0ee636e9d52f8fa2d37d948f4'),(853,'df17b6e9a845884775747f8ea4de5a0497a76715'),(854,'31f5e23cd489398c53381ff5223b5520955b0984'),(855,'25c0e1b8bf52f08c0cf24fbb5536baa69b9e13df'),(856,'0495c185a9743675752782ac39355d8bd3c6019f'),(857,'6506633b43de9dc068289f7ebf2f79751747ccbe'),(858,'9139550cb942291c629aedf453e56272673318f7'),(859,'362f948f6cef938b944e71dec412504323877da5'),(860,'4f4d8a7a1d1e60bd81a05674b18381235b7353a8'),(861,'e590bcdcc62fe2951f72be10bbbca8a07017c883'),(862,'c205ba7e26078b23d2601e73c5f6bc0f8b836f11'),(863,'9b12359f176b78536c7ccad320ceb47e252d44b0'),(864,'22f96460c0993fb099c6b87a5b4958d52d10886a'),(865,'87cb0ad013a38cc701fb565c4e3f2ca35458b231'),(866,'7e1c501d56dc15da8055296e0325d0da0cd13974'),(867,'78461f3e6b9a171c4f1da2e4d3f56d39aff8e9e6'),(868,'79919f7cc7309d66e92ab689f4869abee161582d'),(869,'f1c99424695a63f3541fc504869f834f7f606610'),(870,'7eb559269a444435c10961da4d80e957a52e9e36'),(871,'7f24ef54eaa4142ad0a4e6bd2b1d2e4274c1e11f'),(872,'f69a3b4ddf96720fc41099264705d4908480a9e5'),(873,'0bbfadac68a3143c316669c7d01aadda2951062f'),(874,'aa283dba6edeb02353faad6475fd2f62cf2a8a69'),(875,'0b67415bb566ddf5d3d5f3aadb978aec6422629e'),(876,'089557b0d31a4f7985345de58f21f04aeee2134b'),(877,'79447346bceb3517211d4f0b8c654e16467a1df9'),(878,'bfbe975a57b29783c2212e2209e41fa9c5e02e59'),(879,'cc2aacafb8e0b7f56d188c993dace332e615747b'),(880,'9d2d22ac13611781f7313416c841f83af840f6c0'),(881,'3702d7998130d563d58bd9a6ceb62d82f6624b41'),(882,'956b1181ca23dc0b0ef587cd560dcfd54ddadd12'),(883,'da7bc3fd6e93ce1a3aae953ebbc5897c2b9aaa2c'),(884,'f0956bfcb019a9a2a50faa4f310432e39966b51e'),(885,'7fb682a632dd79fe9d9a1030989758ca06971cb1'),(886,'a51b4e17185ff85a1406ce476d64de3523d1d674'),(887,'f8ebcb46d3154144027a75cd269a5d67d87c5eef'),(888,'a8e390b76b0c54906781a66993f86e1c339ca656'),(889,'fe77a036d248a4cfe3efccefa5f7fd12f69db6d6'),(890,'62e0f87d575d2eeed1ef3f291d4def1f53eea969'),(891,'e7fa095383442eab80e679e66dfbfb86f18c6107'),(892,'2a36d7e3362646e29a2db580715c85dc49eedd15'),(893,'aebcc162e7aaf530d06783e21fb8e05e63ff7639'),(894,'0514dea0e4e375a01aad38098e896d89da05b274'),(895,'0fc80b0f6a96148b6efbefd9087b79cc90dea2ad'),(896,'a3fb21012acd2e90bc3951784f683dead0f8b3b2'),(897,'1bb81fcc2cb6cb496e076c75179e1b40b9f1f7b4'),(898,'633e1b7918a95a6179dae1205c9d01bcdea65a27'),(899,'8777774e0ee0a923f77720639f805203803246f7'),(900,'9239461f7b7991d1a27c695da8748309e20e3b38'),(901,'daa61c4db2d16d44dfdef06b17d5c7bc7a749941'),(902,'4e8b03e9e2b2dffe6eb099099705af63b38614ba'),(903,'3286ca752413293754eb93d1bc7b980f65e93822'),(904,'07113f15ac0a10da07643a846c6c465d423b505c'),(905,'a63facbd01080ebbc87aa312e9c472c2b091fbe6'),(906,'39f8643e46987836ec3cd792eb7c30fd70e7dd9b'),(907,'c4f5a15e54bdd1176e73cebfa2d72dc4867da985'),(908,'034ea148ae7b0b560cef61a4b036f5b696d2db4c'),(909,'b83c7e85ea42185baa6062bba61431265e56858a'),(910,'c896d0052e3faa1eddc83ba153ce4cee82aa128b'),(911,'49f756de148bfe174bf4841c9c758b508423cfba'),(912,'0fe3c42cbe2ecaec2264428980351639e86316a4'),(913,'1e5639dbd3d5ce7c43ae88c0783b24d58399ff44'),(914,'47a84db1c6e9c30fcbafb36436a7d948069c4d61'),(915,'33266ece6512f990026b62d2779f002f0a8f1da2'),(916,'2527d6bdc608602d20efc4aaab317533a5debe28'),(917,'0c519a90116bccef26c11460a6a762f2e2fb3557'),(918,'900ec8feeb47fe0d0cad8e6fbb8b6c88ed8819b0'),(919,'1cd07f6011b7d7b69baaf65d11d0633efdc0b9d7'),(920,'e00367969eb1437f472e60f4f851321dc07c551e'),(921,'b53586566dc90c547e6f1d5e52027b633c13dd31'),(922,'57223fe5a9b202382fae5da0acb58cb3410f6fff'),(923,'d1252a9515c491eefe7a0bb4a791620540b9ff0a'),(924,'edf3a0d9b737148a9cc75a9693cf2208cd2a31fb'),(925,'767e7b56f3915f42e4922e990d330a78cb831071'),(926,'8e01de3a832243f303f5e9fb3942466765e362cf'),(927,'2b35bc1dfc560834f0901121567b9004f48c461f'),(928,'c2df1603102924dafe649ccdee09b11d4112256e'),(929,'912b1a7bee5196370a8b71ecb49c05a0f9b449f0'),(930,'cae42a7ba7afc406dc0f0d79e4149dc05574e209'),(931,'c2debd6b8c93bdcc22ce330eaa2b02e811a1b408'),(932,'3ebb0065fb185a697ffe87ecd91c6e689cc1a46e'),(933,'8c388b89824d3edb0a80ca1a7febfeae8abdeedb'),(934,'255375f23570405e383d04dca32ae238ae785214'),(935,'25c5df9aa556d8fe757eac5921c47b9207a1ae57'),(936,'b823223d84d93b0e83291f42cac5ac911ddb3945'),(937,'f9f781d0381243fa2dfb2f6f0a56d58c0f412de6'),(938,'6fabd2b478dc86a8dd719ee4b27c59042735ee82'),(939,'2a7eada26771c7d38cc0d72a9286307ca411ded9'),(940,'bdac52f10feda906721e013b9bbb403401d8ab35'),(941,'b0d247d7d8fac7ea1d882bb39667a58565cfbd07'),(942,'16e18ded36ead6230bc0b9f873289b11048a4a5d'),(943,'50b1b7900c28f6590e27dc699f33a8493f4306aa'),(944,'b84de5074bff99b58564414063b9cd969afa91e0'),(945,'379d3ef70f3be9b831716a6f2878eec38842e611'),(946,'012bc2e5806451f31506781eefeeaac9ddb0c95a'),(947,'a90d033968831cef917fb2381ee9b56e2b079146'),(948,'34ad514068a7e0b7299ebcf865224342a5c8d82e'),(949,'ac8ef46957783490e72a4a3b4ba134204739f2da'),(950,'85d361d1455dd6f3694a64ff86ce486f487a4e36'),(951,'ec4d679a0b0f5af7c71386d8a92a8dc18a45d8f7'),(952,'48d1edd19d8e359925ce549c98dd03b3d5a7f6c4'),(953,'e96fce0f57e161257d5eed2a4d5f93be85bbb1e8'),(954,'4facf47d608b1bcb2e16052b9e7f6ddf8065bbb3'),(955,'84c6e6993e81894ed015f9ca7b24e30d3428ab49'),(956,'825794d80b3611a311010ac5472c288cf635ee89'),(957,'28d64f22c7ed427e3a878b59758804d3a753464d'),(958,'8d756c9770625a7f981365959ed4382eb0a9ce5e'),(959,'0afa88a5e514b539c25826bc50d65c53427ea221'),(960,'aef0a91aedf3a09823e7f72676f3931c4743bdba'),(961,'4cbf7d32860f22a72fd391383d287ba50a7de2b9'),(962,'7d7accd576bc0281a271e4ffec2e67182b026854'),(963,'8d00c8aa1aad0735b031ba733d16326651e3ccc3'),(964,'44ce1ae4f4767b190381bcd1c5da738c6194d832'),(965,'1dd3510b4cc1cd1bf20d8be62e33fee115df106a'),(966,'574ddb8614fa917ceb3b45b7452dc2a01970728f'),(967,'74b76c7058db2ec93ad47c32ec370de1c8035c76'),(968,'46c580765e486ae199de2e6f15c49f320091e136'),(969,'288bfb896f1e97e1f71d7a848972d901eabba948'),(970,'3b21f7547d8bcc6382159b01be9424d019939dd0'),(971,'89039a8dc17ac22a829483898f55aba817f4c463'),(972,'159fb8df40919cbf69b7220b7a45992d659ed689'),(973,'fe66a631525e0d69d10a499f464b56c03123658e'),(974,'3a041b07be939bed8f9865c3ac9bb7e0314b6196'),(975,'fc2a6d06f82d974653e569391d029dcdbd21e8ed'),(976,'bb241a549fe11787d190c7aa5690af167ab84562'),(977,'976db6c98bd52a5fdaebb2bee3a361390464fcfa'),(978,'32f36cf98f50157eee8a313c0fbe3315a2d0f2c2'),(979,'590fc187f0ac6155cc059518406308ab189e60e4'),(980,'cf9c7d979c173859acd7726b1eda25b272a4a499'),(981,'0d1ef821bfd6d6506ac3eafbff444a75a45a5d66'),(982,'f748fe9b924c63dc0863d77e7d1757abd3436c5a'),(983,'b43ee36b638322879af2f385f59a2f9554869423'),(984,'5f9fcd4e513a4fa3d44239b3ea45f3bb4d49a170'),(985,'98abbc6132e0bc874b7cb7ab61b9b811a526f2eb'),(986,'3fd6f9ecb3d8228d9d0978b5e9331d6020655597'),(987,'c9f0be4c38892f7a7e8dd0a01f577ad3b191e7d6'),(988,'aaa18bec7612cce5348387035f7861566e76c4fd'),(989,'afd156ec935e42c509f163a0c35de7b0f9589990'),(990,'60207baec16147b3d04dc89076171c461ca0fc21'),(991,'8f26f09a6a5a9738032432b9f7772807308ac996'),(992,'edd70fb1901af2a04bf689c8692bc56c5ef7bd35'),(993,'785d2a25e5e137df332c263b962d8d67049e0a5c'),(994,'339c0cf96e55d694d86dca992c988fea2143323f'),(995,'e296801e754b4be31fdaa06e65106830efcc4d54'),(996,'6ca2d90d3ecce0b07b0813b6a73dbdc9da5c96e8'),(997,'db0f0cc9bf8267070b60d6036ac9f36e069b4cd1'),(998,'0f4f38269b06eba3504878bc3f70bdb7c76f4d6e'),(999,'d169eca4fba9574858695c3fa8f3d995d9f9530c'),(1000,'22be9f9eb733561ec218b44b2a9a45a6456d48a3'),(1001,'6acc987db95ae387d7824067852a218ebe8870d2'),(1002,'a0fc24c2b6f0d52675acaaac276c6723f3e460d4'),(1003,'9b27857427b40449fce64e227dd1e44f718c356b'),(1004,'ec5bdbae05950aab8bafbe1e185a619a6b1cd19d'),(1005,'c3df241f4fd001a84ddbf2deeca8a0b062fb3af8'),(1006,'68d4dd9a0bb92eaa3e51a8f860be87ed9a963369'),(1007,'9bf91c2d2e25989372f8ccb8bc34a0c3d17e5213'),(1008,'c2bdc1a4ab7490204613801e38b7c4ccb990eeb5'),(1009,'c1dbdaf02bcc1a8e6ddf0b2f1dd1489c6e577204'),(1010,'bc7009d103dde208513a58d6c79e41c2bd55d531'),(1011,'f105c728ad0cadeeac47a90b88fe096ba39acb15'),(1012,'5be8c8f19cf0a10e2c1f2ff7772cbe6ba5eaeefd'),(1013,'a74b8417ba1e65717374bf8156008b292d03a5c8'),(1014,'4cfedd150eda186326bda34f585f9a226a7423a8'),(1015,'d0016a9c11a9079f98b5e25781111f684e302a2e'),(1016,'71f5989091692ce37c5e103afa2ebc6ffbda3a23'),(1017,'ac96cdfffcd866845cd8f7bf9dff3ef29fdc27d8'),(1018,'e95d5f276a2657e06a180000f40d36046095a36f'),(1019,'dfd1b39454d49311293624e8f9cc411e82e9258e'),(1020,'6d747e8e4195fd2beea27c22460fd32472b650bc'),(1021,'d6fbf03061c9e7a5cc949c71d4934a11831b394d'),(1022,'65034329142228bf4f8d782c0aae19a2dfdccd54'),(1023,'09e98efb652eab866b767c3a565495a5e71ce0e9'),(1024,'261b2a1249929cac1f434d1be92f38ad4f475ee8'),(1025,'2ac6d0392c89407504958a5a221a4a453f087594'),(1026,'4f8509bfb5edfc5814056f28c66752efe3561f7c'),(1027,'ebec1234da7d950aa632a0afd52fd4b0837c8e6f'),(1028,'431615ac95f27e48adadab5901fbc2b0c5b852d8'),(1029,'cc1abbd93c1ac32b6a04f736535818af24fb62eb'),(1030,'32c3a46f5ecbd3822e49f1b1de10dfa15a3f7769'),(1031,'8cb1fa9c581091403a6b5b8288a277844c448df1'),(1032,'2117ad84de96f70327e4ab627729dbe8a4e58a03'),(1033,'a83abc11712b053c1e519592143fcd900252ff0b'),(1034,'8b2895aad40e4ed3eb65429e842f9023edbf5249'),(1035,'b981bef598b69e50f7e61bbd34f92af5292e5ae7'),(1036,'039305e7e2f707c055857790d89d102f75070caa'),(1037,'722ae479ac2d40bfd389896c9b2ab6608c05aa47'),(1038,'18c9364e9635882b6ecea3dc264c1f1ba5194a4a'),(1039,'80b99cb4aa71368cadfa78e684e2a43822005384'),(1040,'ef0a84e2512dc80ea43076ca78e5c49582516d46'),(1041,'f1f18bc6812b96970100d37020f898b79b436025'),(1042,'cc2f0310b651f4ea83889a7078dbd6f344b52d2b'),(1043,'5e89cccbfc07f0efc77629dce67c3fc8cea024b8'),(1044,'45f4c319b788955b169c5b0e23e79f25371124e9'),(1045,'d7827222d99a0ebb851edc30df935216ac6d9ed9'),(1046,'412e5675cf3cf3ad10623df6d62b9050086254b4'),(1047,'5356e8c1d517ec02c1b517df0551a5c307210437'),(1048,'dd9225e7361b28f3fcd26867fa4d87356355dfba'),(1049,'1040595c109c0108dda59015476799e6f21cf1ad'),(1050,'5b73f0437f516c1ee4ac599d77e65f2e06d20ff1'),(1051,'ac16c0860f9aabcacac959bfe108567e24d1c3ae'),(1052,'b3c263741390aa516eb7a25c78e2ffa7083bb9e1'),(1053,'f94457ec142553280b42a9003f91b96383041b34'),(1054,'9fcd3379b4cfd281cac313ca7047e7541a801f79'),(1055,'ba974c8c0ec4514d258cf8931f8e306affe92bc8'),(1056,'63bc075e7bdcc84a26b57d104f4104f6fc92758a'),(1057,'18eb8effd1d3c634609c8059885be912b5d0ce64'),(1058,'5dfe4d0548a6bb35ae960a14a2d308e97fece9fd'),(1059,'63b8d1641a9d32930831f4fdd5ba16dd50c74f7e'),(1060,'78ec9e2cff0c0541a4aeae4387a12afabcaaf282'),(1061,'cffb4cee88e56bf50018653fdceca6944e4499ae'),(1062,'0c2174327c8c639cf809207236ba2ab1be8a640c'),(1063,'b20b2399cb6f2ed09c74a504d30fd1cb14f8759e'),(1064,'852b4cb4e3ae45cc65444ecc2c905822387dfc8e'),(1065,'805e80ea79f6e3c2fb46c4434555de473bd0e4a8'),(1066,'e1ed254c43b92e366abcd5d45beb5d5340cc0bc6'),(1067,'eb6edd3f365bf37367db89354c6ab0b2fb82f8d0'),(1068,'e17759d141b736a53f57b0889a0e8bc7bd9aa67a'),(1069,'9903fcaaf128c715dadc83138d141b2ea2443786'),(1070,'66aef4d699e125ce869190d058a7a377ebc5fe62'),(1071,'cd57ed0bf4891de0f5dcbd2ffa8a825ea6e998cb'),(1072,'98e384957a0111cdc0382d042ed3793dde8da62c'),(1073,'94bac06bf9917c049dfabbc233059df508d79cce'),(1074,'fce1542abc2133b6b58b8dea6278bd127e81a3c5'),(1075,'585ed8877d2f9d0a57d03323b18c3d278d99bc8e'),(1076,'f228b5cd60464ee4d86fbcc0bdd14c669b6b6c52'),(1077,'8bd9f264be855555967d641d911b5b4c4df17f41'),(1078,'7cf6e7a40a4e812f4c801bcfb564f1179037d582'),(1079,'8e0d1212b80fe28978d3cadf2b3530eef03d01ad'),(1080,'4d6aa9c8f457ec2668dd958751b33dec38665b9c'),(1081,'9961f899c4d971c64758282b3119cb5eed15972d'),(1082,'99b097c06dd73a69661772273cf2323259167d8d'),(1083,'9469ae269a71009b6349b4d0dcbc2bb2d8b981dd'),(1084,'5ad245656afdd3fc9d97e03032f30b8f7ce8e978'),(1085,'b1268daccefdf509898c69b0b5cd3bfdb1cf3b59'),(1086,'5bb3d44adfd6a43b366afb9efdb6d6c4409aca3c'),(1087,'02c4d963eae02a5447e6398612c57f9f7c549a23'),(1088,'013771e6cc44521621aa1a11d77069a0c6bb2228'),(1089,'4f373d2f1eb3e883bc0a03c25ff9a5e599493757'),(1090,'9dc12ec86356be42bfe71aae40019e91abf7886b'),(1091,'aeba96779e5421642bafce61fd37a78e79c3c461'),(1092,'13748b848f675b9f17dd3561dd0d4a2c41978746'),(1093,'bf2e2f6ebf9bc3b99ce319df96f7de7b05825020'),(1094,'5584891006526d72d790675c3ce24bdb987c655b'),(1095,'0b510b68c6e21b8310363cc941551159ae3216e0'),(1096,'19765678eac4f0c98bb8c90f4de5e65def4279d4'),(1097,'889650f4a53f0d294c9d3a53beb81005225c654b'),(1098,'2bad85c342dfecc0fb53fa1a20100e956a6d2ec7'),(1099,'636ab60b3a716890a15ee914b01e89a5aba9a64c'),(1100,'181d70c82bdac9b139a82715c154e9c1178bc267'),(1101,'34916ce0dcb645d6a978da3e42c3b7a255a6260a'),(1102,'95c88cbf900d274593fdb4310298d5662be279ba'),(1103,'4c3963b5636342896e9646f013472c59c934030e'),(1104,'cc756607045faca0a34efa03ad1daf177da28283'),(1105,'0fa70e89dcf469373079394125c8dec9be40ac91'),(1106,'1ac49c2981fed4330b60f729586fb526c57c4dd2'),(1107,'d1506f8f693e35e866fe393586a9f8df0b7218b9'),(1108,'797c8d009b08ae9fc22c1bdd0d1c8363fe72177d'),(1109,'4046763b49e9037d16cfcb9986878c764a2e79a6'),(1110,'692af64a1ab6a5a784ae6252a0021a422490ea56'),(1111,'8031b3cb94dcc68c3e83a1303471278a76f65894'),(1112,'3b3f246ff5d5fe50787a5faab2ed54d4114120b5'),(1113,'1aa6c2850d0a8e917122c3dde33eb105eb7183e8'),(1114,'88f980b6e96a52a23333ea2be200c1642a086784'),(1115,'b054f4dad308c03061bd2a77cf1ad2d456e69b49'),(1116,'d8ede2bbffaa175efdc0d93140d764d5f23d50cb'),(1117,'9ca609e076b04f59592e483ad376fa016f0bb503'),(1118,'dd12072ce4ed4a25ecfa2f8d4f51dcd5631734bd'),(1119,'f80ff607f6d909d4664d2412ecdbcd86c3631bac'),(1120,'3d37a742883273e0b6b1a44bb243b18919073199'),(1121,'aed175b8ba71f024da5a19b307ba90a3d333ca5f'),(1122,'12263f190ab05454c58ca307551fb3f0a9db7997'),(1123,'e4bc0fc4a33c29651b73cb4efcec0a3e05ced84c'),(1124,'f6737ba7384a6f149cc2ebd328fbd88069ea17cf'),(1125,'44311edf0357084ddf0ed201f5ad98cbcc028523'),(1126,'9fff8b4a1cb965e8d2112278eb6904003573064b'),(1127,'d4a9385cd818e6f203c8f4851e4eb84308365a37'),(1128,'646dcb56ed9425c1c579b6a00e1f268e04cb85c6'),(1129,'c1aef719a90eae4adcd9e725e741ecd1b2a2fa52'),(1130,'187294014de627da681cd4f4aa3841cb7da0014e'),(1131,'c864a495ecf157604a8d9af665beba5c039a5517'),(1132,'ecfdb67424ac2817aa2f3b18772b13b286b625da'),(1133,'d38296851982c5a116f60f47ab02f76f2edcf9eb'),(1134,'f5e448a6ef3e724b93bc65c37571b20f2888b355'),(1135,'6a904fc518052071af2a785b1fbebff9f5badd69'),(1136,'e6504b880e2b7fa82bb9664dd9946177671dced0'),(1137,'71189e4c7c886b6fe8f6312338831d60fc5b244c'),(1138,'058e3746f1ef4f7429c82b4117f0bce71db75460'),(1139,'b1bb33a36284ba7912d4e0af0aa99f5bf6ff1090'),(1140,'0a091f7447cb88b1ce9150cde03ad7cb60e357c9'),(1141,'e57e5c3d5c1ae4dd6634aa02d5962a6deee5312e'),(1142,'c2ea97c868fc3ab6740be0707f565c1dfc035250'),(1143,'30656be896befbab9317a05cd9af8114fe0ada12'),(1144,'8b5246f7f3fea324f783f51e16afaa8969f16ea3'),(1145,'a5dab7bc579216e64db22c08c5ba65ce5fbe50c6'),(1146,'2e096ce4e87eb820c68393417189e6a3d42b09d7'),(1147,'984d8caa1c47ac60aaccd689648d164e8ef8cefe'),(1148,'7cbba7804d059f90a113b9d10e27f29a48c043fe'),(1149,'b8dec15b602ccb65c7e9e07e99cd0efda366ec7c'),(1150,'b05a9fad3cd780c7967aba65e1b92d17eeda9f9e'),(1151,'cfa55aadef121f116983b77660b0119a11c1610f'),(1152,'99bab2c89a94dcf4e0a36a01814c7bd5c0042aeb'),(1153,'b170563f1be6e08a802688b5850a32dabc7489b8'),(1154,'f54537b52b53b7426ada3dfaf4804f8db9e98a69'),(1155,'1a13c6a43e8f631beef8752560846c25f472e1f6'),(1156,'a46033515b9b071532f45b7c503b1cb0aa330495'),(1157,'c2432934b63663be35c11f6675b09b649f54aeea'),(1158,'243ac89554d9ffe5d7b9e866598e062bb1b0469c'),(1159,'964bb78eed6b17494fe05d4bfc1599b472502e25'),(1160,'e6e262c78372a6aa1ff550ac4bab341f4f7d0a85'),(1161,'9f95e769836ffd69b28e43b96c2b7abc8cb03852'),(1162,'99ca248397a39953d77d13455d9e3126e5bc6407'),(1163,'c420436345c1e23708ec3c67e4ccb8fce699bcd9'),(1164,'78c2e0949b4dd13092489e3e1401e248a076ac86'),(1165,'99e6ed1e7d54c7362705ae16365cd04c33c7b577'),(1166,'9edcbaaead115dc864818652c8296f302a57e002'),(1167,'780b0048a2b58f42f4de15a73cbd3da5002ca30d'),(1168,'1ced79d5ee60850dc22f8fc6d5ad4229f1436137'),(1169,'55dd918f798a4d676b9ea0a9379d99d43ed39e05'),(1170,'dca611d556ab12294b56e2f1c4b27f7e7f6a008f'),(1171,'48c370e8d5e8f8421198f33bf1fcad6bd6dee522'),(1172,'2e67690259d39a3429c0fddffb450f2bb2e678f2'),(1173,'adb9767a58bb97c936318b55cab1ff97fec863bf'),(1174,'42bd59d463a8cf70a51bbc1d1d54f49f03951748'),(1175,'0e9c64491397c251f4b34b39f9ef22e14ff9a1d2'),(1176,'b638ea9f5449fe5eef8b47f3abb016613451540d'),(1177,'1e25cec2ea2334d39a2e63fee938c9e0fe5d68ab'),(1178,'412c22a367555e50f53ab1f93ff76845e9bf374d'),(1179,'03c0adfd2b5020c53fcbc2d08b424d3ede5ab66c'),(1180,'d25a387f9848ca07f53c814423bd9b8848fb2539'),(1181,'bb5e2edc02140a09bfb3c5c2baa1bd2ceb5993c6'),(1182,'e3867ad3986db34b213be6ca00e24d26782b29d5'),(1183,'d9ca4159a11a8e19fc5560581a8115fc0cb74f4a'),(1184,'36187bd8dc31ffec86cc46b711b711f3f91abf38'),(1185,'7301c36d99693dc3677db2681b5245d1b3abec68'),(1186,'52de21110a5fcd20236fa52ff7679c6b60ca79ae'),(1187,'2d5d811b72973285ccf514d2b4e953312fe220cb'),(1188,'3e7bdffa1c7b1e34b963487e0d3f6a389de4233b'),(1189,'54d279389521d6d5ffa25cd2b76bf9841c460bcc'),(1190,'7fb43c256fd1422e3b499446c302d744528db3fa'),(1191,'c6da12cec191ecd513b5f25abf346b5faffb46f2'),(1192,'32be809b7b1f3fd54341001019b0ac9b4d501ffc'),(1193,'a9da58bd409548b075c8cdc2c46eaddf1f95920d'),(1194,'41ae380d6fa72b32e3b6416431a81459ac567163'),(1195,'a986e4d5585b221b2a66b91466f19a5693726045'),(1196,'e25ef6857381e03548abba2e26565b0a1071456d'),(1197,'0e80290a8a48f9d681ded9088f8d2c95289c9ebb'),(1198,'778151d3495276d7c12cd31fbc949d24d7c4a198'),(1199,'2bbc8219ff736506d463259557ce0a05c033f77a'),(1200,'484b7c6bb72c313b8e1f94bc77751cdda55a7ba4'),(1201,'4af0b91d7cb375a5dcc67c46e6fdc7db7ad58e43'),(1202,'f3121359fd19d58866cd48e1674fbf2b26f39199'),(1203,'9e2f25ef60b06e9040e46dd1cdff8191c8df5ad9'),(1204,'02eddf467fcdb6ec33c7d8a508f86ab59fea2dff'),(1205,'8e6796665e729aa276c13d4acbb6522889d97212'),(1206,'5d5c4fdf4b09b55f3d75f0de4317ac4e7dc82a0b'),(1207,'81a61fad67f9d2199c683d1d1a91f720ce0d5989'),(1208,'f5c91ad3982baaf1d38e9210a9c47365a6c9d3ce'),(1209,'bc8672831e546d351c306504a2fe3ccff51dbf01'),(1210,'d23dfc06e2e98e2bb6352db2136db10f1ec788ea'),(1211,'11e4c554f2fe167d4826c13f9788f414b50b1f62'),(1212,'672faaee2b6759164e8330345efbb8448ac9d513'),(1213,'5406ff1b3219a3339c5ceb77284ebb8dc717c13f'),(1214,'8b278aed7ae63ab36444770b0554e37554fd9970'),(1215,'3a38b240c0ab3088683430d239c05dd1f6ba071a'),(1216,'c07cdfb8f6959af01f2217bef27492fb06762a28'),(1217,'1f574ab8211a8f0db771bc1fa111e721d650201a'),(1218,'4af7367178f75265f831bbdf3e4cf8370cc1d6b0'),(1219,'fec57068439e33c26b0a112351e031c96adaba4e'),(1220,'a7993e0e3845f5cf9c22ae78eb6f2e30c3dc2539'),(1221,'8766b3a5df1d4ccb58a44388ff68955b320089af'),(1222,'3b4f58640dada1e46799c0a169f2952a4aefc6e3'),(1223,'97563a160499369c8a3a5fb7030a019685ae4e0a'),(1224,'17c58b0aa0b609249ee63f0d35980e6f96c703ef'),(1225,'219047187e230dddf0d8f6cc5771d981843388df'),(1226,'69e2ee6dac50c8857ec470c82d3117ffa2844b52'),(1227,'0cc173dfa876a7e010d5fe5b48b4bd60381180b6'),(1228,'23f07a59e75f82931473a080fad5d1b8d5a01dfa'),(1229,'6140bd4da9579655fe9b1865e8ac959dac99476a'),(1230,'1d6e1f75ff6b624fcb1b2899f256f695cf2342f1'),(1231,'49c1e48060e05ffaa1b489185c9862162a85fa84'),(1232,'b1d58eb0e72ccf7e1ccdab79680603beb7f2499b'),(1233,'20eb4c27704a3ae4345e392676485c83b7c2686b'),(1234,'067c9a571d5c198c8581ed05be81f48132359f33'),(1235,'255860ee87e8c4b0f199529bbe2663acc4d1ea7a'),(1236,'5d80b78c0c2fcee9e8db6c6cf7968755646f27ff'),(1237,'1c245703c33bb8ae2bcb9a8c9d28f866ba9fcd4d'),(1238,'945739e7c5d1c01ddb9799139f96e6eb872b6546'),(1239,'d54b5a3203f14afd6555c4deeb4dfa626c43ffcf'),(1240,'4ed05bd70df3f2cbf50f8c38aa87668c3eb8cfec'),(1241,'a51fe78a55cd895f33274dba24a3169efb818184'),(1242,'4563fd432b0c48e7cc49a2c80b85968cabd9daf1'),(1243,'fcecba4aa51d2f58a7a8fac2607352a83863ff51'),(1244,'0f95fc6fa6628128b612e7df3f7cf58fc6596148'),(1245,'5a9b63d27ef259e19cb08b2ac9761817473fb2aa'),(1246,'58c01ddf4f644aebd39000fea67ceaba49236312'),(1247,'549753233f9916418cfea71da49be4d3511d5ef1'),(1248,'fffe8fbfb07afb4fbf1b590208b5877d8578bbb9'),(1249,'609bd1395173d8c4352d37b1b671cc7c6ae5085c'),(1250,'25ca5f43938a14d2c1e5a0d6e8951ce233bf1fa8'),(1251,'00fd1d5138c6de6b6b485c2dd40958430aa6af42'),(1252,'6e5933da16fcd5d37c2b934a52c5344e9311cf16'),(1253,'36286127acc80237020459196e507f4539ef213f'),(1254,'57d01e2324b21141c7015c7250f192268ed9fef3'),(1255,'163e6eb496f8e3934af013bcaf8319e297e4ed33'),(1256,'d5996442d8707e7b0898316bc45746f5dc1b88ae'),(1257,'ccc3a853a61c00b452a81fa9f0fbd5f523117f4d'),(1258,'400932dd2b0f0c831e0946fbc850e7d1ec5caa40'),(1259,'f07dd8dd0819c3e98fa75bb276edebd60a9e64ba'),(1260,'532a54236f64720ff75906d7b8691e58c669e894'),(1261,'7e5fd71314994b678d2dd2ddd34cce9caacff303'),(1262,'569f4a73c10831a0451acceb79be067fdb14faf1'),(1263,'8968e640db12ab56bcd63d59a77ae82482b5f0e8'),(1264,'17a836b0267e8ff2a6f79d192d8c91aa2bcb8695'),(1265,'f0d06faf9a8e035b6a63b6ae4407a5d6b0f26178'),(1266,'0c6e4993796bb2823d5235e3ba1be5b7e5132ca4'),(1267,'34d6340175f33b45bab1c6a9b8baf83fe9a65680'),(1268,'f37a5a61b0454acd0fb0b61362f84f6e3364dfbb'),(1269,'e3503bacba13394958c98afaa103fd16c73cd246'),(1270,'1306925382218d2ada5d7d8fe57d7a3b52037fff'),(1271,'7fd4a745bb7dc84f8497287f6ebb57fcc2c3d085'),(1272,'cc90f43019b3ea65296e0e943baf667e1391997c'),(1273,'925f5fb24cc6deb54958cc8e772ebf834849e640'),(1274,'4b065d38a3be8d66ae10b8bf693e005ad93a801f'),(1275,'ccb73aa80cd1555598062deae753dcdc692d00a1'),(1276,'8d3db3ebbc23931645ceca0b2b4d5c7fbf51eb15'),(1277,'9525befd5c8e4be84dc0664c5deee9b907f75d89'),(1278,'02ebf13944c780beb6c6a8d8b7bfa1cbd8ac1c59'),(1279,'00cb8aa94e6ab7c9076abc64d188314b0efd3624'),(1280,'9e5614e4230344c054294237dd662ad5ac339c0b'),(1281,'34fa7a3f8aee3ab6da58c822b384234488eb77ca'),(1282,'3a0c028f10a14313c411c9859711036159d9aa52'),(1283,'117dcf9cde91fb060b73040815f86ac4deb99d39'),(1284,'fd98cc5ba5724f310ff87aa4d911356e6f2844cb'),(1285,'4af831583620052a04256d74ebe09e962bc7a780'),(1286,'1bd7acc1077d8bd312f3acd55ec8e8ce851b5a5f'),(1287,'db7cc166d59222641b449770fc22502cb3d6e3b6'),(1288,'a449781ca716af277bd59d5644458edb2b4b706a'),(1289,'c6069829a90ed2ca8362152a4e07d91c967e29e5'),(1290,'b87783c557611d26eadfe521ff43d1e7d8681007'),(1291,'71c1929aa023814653d1c02729ec5a0907a648a9'),(1292,'02391b225d8599b0b8618c3378f06fad6d88504d'),(1293,'29e766349c2775f5a94c6385b02ea4902cd0e8a0'),(1294,'957ff4d435ae4e52a13e4e2958929ff7023fa107'),(1295,'5fc618f61b150eb96462b071d8741ad327c94fc6'),(1296,'8dc2bf5bdf8d272ecad19644326a278d29b99e97'),(1297,'c3d4a898474a5c03ed273cbccc87cf45d2b42dac'),(1298,'bd0eccd527a12ffc45e24458c668857642408fa4'),(1299,'cfa52a28a2020f3026aa601bf744304e30ff35ae'),(1300,'5260cf14aadb77f15becf62945c877777b927651'),(1301,'db99b3fb85d8449f8ef1212c33136b655ffb887e'),(1302,'f22d307d482999f6fac099676c43e6026cca12b0'),(1303,'bf3cfb18d1a8c234bd190c7a6b5c5952d40f0880'),(1304,'1b51701af1b78b988bb57a79540d2896a6b3dc7b'),(1305,'7497a6ffd15705f4b599ea9b3ded77552175ba7b'),(1306,'7910899aa1281491fa9498a9ab29390518c9f454'),(1307,'78bf9035de50cfb5e56b6a3f17ab4515564167f9'),(1308,'8b7e349c8d865e418bf29ee00bb01e42f36a46b7'),(1309,'691b9391316ad00c5e42dca0a95a29694cd85af4'),(1310,'6535ad0973a57565b553767baf45dec152b315ea'),(1311,'d18819077c990f2ac996c17d0c513e4ad88eda66'),(1312,'cc008cb414b69115b1fa8d104a6653e08d41abe6'),(1313,'35e19f73824922b08c0251ce3dcfacc0387b86ee'),(1314,'e65fd081dbf0935373a8abe437174bd4d90d077b'),(1315,'27bbd76fee82b80b573e4332b59189e6a53b0a4e'),(1316,'ef9c254133a6b75f0b1bbcffa0f70fa0fa44571d'),(1317,'6e00583cf227c4c87629a994796f68cb5afc9d36'),(1318,'50f3519b11c88d32662d8f1741935e13c9decb2c'),(1319,'6752c5838548aaa949876ab0e9e607ad8110d5cb'),(1320,'d1564b0234232758992b880b7dbaed7b597c3802'),(1321,'3374a085bb49a5fd8f6b9e3db4d22eb3686100ec'),(1322,'29f412739f680857206def8eb44cba50b345dbaf'),(1323,'81cc0f71d0a19e8191bf57010d6ce84e52f6ebb7'),(1324,'d3ce1d0bc9aa11a796879bb65a837bb4089b26d2'),(1325,'93b477cc26d69404ca062d11099c2558f06a6382'),(1326,'0b0f3325f46353abd178422d94d4a82d7f1fae5a'),(1327,'dd1ae3169b4963445767434d4cbbef5c9647c9a3'),(1328,'e051f82f47c4188e7d81567a0a79b55e2ad177ae'),(1329,'5224ff583133ae5ee2cf0c7688a955dab20c1a35'),(1330,'7ca13a852e237072dc8ebb18e290f64d21932993'),(1331,'76a66c7fd9de1f410c371229238774fde91c6830'),(1332,'41a3a8fa4dadf697936f2c8bda91f5bbc388e5f4'),(1333,'a4651d9937b7f28c6de70b2be444f18936983cc7'),(1334,'05fcccc992621f6af6b92ee50ae76550709d7e24'),(1335,'5e5d7e9f6cc6899b55b9bb2c474897b3df32f30c'),(1336,'8623d436a818a0a50d0c7adc04cc7ca62d7fed15'),(1337,'cda871b70c75646b39ac951ff823fee87d3cacc7'),(1338,'784b0d95335e9a3515cc9089a59c5c3bd2dbc270'),(1339,'360d7b2dfb556695e78834a5ed8a0da8b7eb275c'),(1340,'1dfc975015d87aa6eec94484192f95a1e1be64b7'),(1341,'4cfe6984fcae8d4fc38534809ecaef0dd88d5b05'),(1342,'fb9cdab769ea0ada1307138828311fc305292b7a'),(1343,'a177f6d83e5cbc8e7fac44f60d8b60e4505d78e6'),(1344,'e71e5e59a2fb1e8eb05699f756d25f72b5def176'),(1345,'416d78ade18a8e85a38575888ec504518b1a5889'),(1346,'8778c4de22cf24a203579c930ab8bdf0cdb9ecfd'),(1347,'7551a25269ad1a0021a633fbbbdc4f82f22194cc'),(1348,'11c63eff0ba2391e602257208530ba2b96371d76'),(1349,'4a1ab87206cccd02e4132031b5fb8a4adedc5529'),(1350,'96e0a8f9e5088368121b4b0f5771a3eded5ede7f'),(1351,'688df1bbcae6940e46e6a64aa1c9f4f7ae7b032c'),(1352,'f0cc996903a086d0060ca618482219e29758a861'),(1353,'ef1e3745bc7179c518bb2681f3b5a3152dc9ec61'),(1354,'207c3be746bbd14e50cca08460d2a38afba9c5da'),(1355,'268b9042ee29cdf00a294a15f8c8f205663b0ebf'),(1356,'65d42d84478f424bc98ccff618b0c80c59653cfd'),(1357,'6f9391c2fd069bc913e60af246daf1e5dd769c63'),(1358,'aa49ec6544d4c4b632dd236bc953fd815b8a6281'),(1359,'9125082de355adc17cc9fa04ae8afde35c44c615'),(1360,'a7ebeb956450069ce2568034c3d8211cd7610ce8'),(1361,'d4286bca3d70ff4de7a942eb67e3fad46bb91d66'),(1362,'8e040344fc60a2137e9b28c3ed6a61623fbb5946'),(1363,'d67e87ea746056e66b9a1bc2ddf37325aae854a3'),(1364,'81203d0b340e29fae6b5bf676aa3e0238e833be7'),(1365,'70aea5ef67641fd0deda59f8ccc65ef9b86d59fd'),(1366,'e8b75d059502317e58b77a2cd92dbb440761b752'),(1367,'3db8405a62d147d346b0e07108dcbd0aa4ecca5a'),(1368,'fb958a2416d4fb4ff7b3234c25d418b59e6f2e26'),(1369,'eb50f58a8de8d00dfc4e4bebcc66d44005796ef5'),(1370,'9b2386c8a53afcb302c108bcd77de01c808b5003'),(1371,'cbd9af42f555a71aa4389cbb8fd8664e73bca799'),(1372,'60cb5dbe13bab4d32ce9926f74287a6ed70b9197'),(1373,'7dbba7cd32ed7955c71be5a4a91a82dbb2ee46f8'),(1374,'81dbd51b3321157fbb64d9dfb78c9e244607dfef'),(1375,'54a0401d4ac11dd1c8003cf42d50a1e7c809928a'),(1376,'182a7261720f53ce628afa8f19c4e66a3558082e'),(1377,'a97827d6bf790ca2b851c1e306201c5cdc9ba648'),(1378,'65dc97b9bc658d8d33055c1b5995d140be239fb5'),(1379,'95ed273d39f7693ecc6a65520a57787f4d55c702'),(1380,'ca39eafe5a4a11ccabc26478f63bfa8d290731df'),(1381,'5efd036857db8523940c8dc916edda282a55859e'),(1382,'0df34175f01628f7da8416998095c738a9439cd0'),(1383,'efdcd43a69f09f45dbf471cd792edb066db794c4'),(1384,'20d9298e27345e5792a367ac01998cedf96469b3'),(1385,'ede5705bb187a8f8327da547cabdb9093d5a1327'),(1386,'c8e7d9f6e153574c56e700084e3a48ffa22e1347'),(1387,'582916bb6440aa86921849f126de53d807c91f87'),(1388,'9985f8efedea03e52edc562b1e8ff1a7b12affd6'),(1389,'b4c855d458b3ddbbcbb5be0276b947695f8ba50f'),(1390,'ecf61570e9a4509030486a9b3829444888aa7676'),(1391,'346e7cfc89eec7012e3c36db725efba7f7a99583'),(1392,'d151ef8f0567a59e0f0646e0e153355bd45e76d0'),(1393,'36c2fb08887217fce44988c8132e0309c16f21bb'),(1394,'56a607365dc168af5e87a31e526d95a23ea0611f'),(1395,'c608c692376b2f2e74f05840e2b8c6add452bc15'),(1396,'1434d87a48a1a027a772f8469e6464ebf7b4b68b'),(1397,'ada86c41a1495110ac047c0be49e01cab23b7453'),(1398,'da579f2930b3dd0376f230552d4084370254c6f4'),(1399,'f8714ca1e45efaa366937e45014b2f0f189a0e1d'),(1400,'66b10a7d4ec1de84b008cde3c53a2f8cf42b1db8'),(1401,'11ebcb6e8272735410a4679d58c4130e59171f33'),(1402,'aaf9bff23746d3375bf888fef7a335ad614d5efc'),(1403,'aad70b100fae4d0d4bb2953019a4ab2c5f21fabc'),(1404,'8e8ccb149d2e71cef4e4474fa2b68f9fa632df41'),(1405,'d4cfb72c033013186fc8fd28da45f172273c7b9c'),(1406,'f4565406cc1bff96b5f026da7a73a1207454a7d7'),(1407,'4dfaaf7a157d8ab968e1ca509a57909ee201ca02'),(1408,'ead34bd78bbf9d851dc7a0ea2bb98a067e470b15'),(1409,'e08c49d25176e9aa995dbf87516345977c5d2f20'),(1410,'3a2480c00a0822c0543f81dde3c0044ad400f873'),(1411,'e0003c055ea2e7777217d7bd73d214780429eb43'),(1412,'f3ee77ded21e5c8cf665a4abbaa0d55c0432d573'),(1413,'69c1542f398de3d60cdc9593cc94a5db4a92601b'),(1414,'df304632952f134f85126e686b06fb4755b92a21'),(1415,'6b48af37f228b56a8c41881e9451b0fd6a11dd32'),(1416,'bcb2111fb1f0a00505f0fe4a9c7da89d824f4e41'),(1417,'74cf28fd42545b7d3af837b8c730be9e4259d85c'),(1418,'4ab43db9796ddd805e136a976843fbc99c8ace42'),(1419,'68bff59ea479ccbeb42ca2f6d9261fd211708ed4'),(1420,'0261c451ddd9b51e24e2133812f4cf49dfb72974'),(1421,'5086aecd616282a1b64bacc407a69da981e0c191'),(1422,'cea69d28861beaf66c1c196d525bc97090d34fb0'),(1423,'ad943e4083eec4bc02e331a1de535ecf20b989ff'),(1424,'591dfb8a02b818ae7878633eddec25ab8222ea05'),(1425,'38f2b0c2af2cb7342c2d55d4c6bede8104a564a1'),(1426,'05824a19c7c92c70e2bb3531e261ce4a4b475801'),(1427,'9af83d49bd6ffb9b5c9547a049f82502a21db118'),(1428,'f98d2b13d44f474bb92d6aae7bcca7d8c00e75c4'),(1429,'2eff267c6b5774484e8f275b321c682c876886fd'),(1430,'8b23a76e96467b94ad1633cc0fabc64c3ebfb9da'),(1431,'60b124cc17d91d15d32370b2c048e60004758565'),(1432,'46bd6cdc455fb9f802faeb2f298c2497ec51d40b'),(1433,'f337bbb9825e375f96c22d565e503dce81f0534e'),(1434,'cc76df1013adba2dd366e3e69300236eafe50355'),(1435,'cd1c42bb6b34824b9afc66762becf35b49f4eac3'),(1436,'fa5c9ac7bfd5b10427800087a872e764379f1278'),(1437,'d7f3d6d8fee0a367440fb03d57479db4dfce527b'),(1438,'288e2e0bfaf1d4a18ff137060d4bfc1fe9c0d299'),(1439,'37ea2a049100126318ee1fada0f9307d267bb935'),(1440,'92ddbcfa75d76a83277313a7aab8066c12dfdcd2'),(1441,'5dce55a4f2c9577a821a554321cb5665e84e8fc0'),(1442,'5550325bba11cccbc8c549e514fa9cd75a2913d1'),(1443,'a375c82822d057e772be83bc061a3b065255a781'),(1444,'0057f4dee2c3a920ebcef3c8723c7d76709d7938'),(1445,'e78c914a3d98718a0d4d56abf0544ca94d336b39'),(1446,'ed4b0c110a984c8dd16165c856b68f8bcd7a4fb6'),(1447,'2395216e2afeb422acb182c458afcaba02e619c3'),(1448,'ff3e7d70ce802570b61632919ed636d319982971'),(1449,'be11807e2ea4b0d72a17b41a9f1178c578493a82'),(1450,'d61e9d352eadd09518fdaa57f24fd497c226281f'),(1451,'ff2818eec12bca2deb925e5d0d5ccbae22b406c7'),(1452,'a4ba1d25f81f06ef15d39a6c914e76205dcd1fd3'),(1453,'ee927322d1510c29f8cc938877306625fa07ce1c'),(1454,'2509f9506110a2a013fa66d613b493dbb21abad8'),(1455,'687e0f2d91fd2a273b32ec9e4ea6eb0e7cb30203'),(1456,'5b5113d704d242a02027bd8275ced1cbedf6385c'),(1457,'60d74622cab4e8d94ee5288f102152f566c7d0fc'),(1458,'98febff274ea4eb0951529ebc84ed42dbf963e82'),(1459,'d84376fa0da6fdd202ed36d0b0951b4150016736'),(1460,'7f10acc944b499ec639a2da562326d5c7b14d912'),(1461,'b59f16b137e969a01d92ffc1ad06bb19698f0fdd'),(1462,'b4b1e091711f056be3e3658707379c0ccba3bcc4'),(1463,'fb6d920338fcb8e6383a2772b6dd1990136b4616'),(1464,'89ea15132ccba0a303fa771372f97e3946353fe2'),(1465,'e2592c7a24180b06ec0b917d4fb1d08d17d6674c'),(1466,'fa91877a88ebf9461a03df118da7b74d1585605d'),(1467,'93b9fd6fe876221050e4852a2d827b4e211ae82d'),(1468,'235eb0423caad94716e7e359fffabe74820148e3'),(1469,'31892baeeef372eccbe4c842740d710e669555c8'),(1470,'b84df1caa70f91eebd634cff908e24eb46a90ecd'),(1471,'33d7b81793abcdc392fa6f1c73aeaa8455f69f5f'),(1472,'a0b3bc412be50684f6b0e21b04aeb948a09d84e3'),(1473,'bba57e4cda8c90779203caecde054490c26409a6'),(1474,'808e844cda0d6170cda59bf65ceadc38961cef86'),(1475,'0011ba4548a978583013846cdc381052c27157d5'),(1476,'9cf57bb2f17c05cf97a0fdddf70ef0b6e36a45c9'),(1477,'b71894a09db295a639a27bcc7cd0eb52c0f088b0'),(1478,'beed5a9214129fa3dd4fdba6d85bd80f2cbb91d0'),(1479,'e59a815819ac8a195270f0e77b81da300b1af0a6'),(1480,'1e82db21fe0d15f643d6f8904623daffb5ebf23d'),(1481,'74a9bf02110e3289f4c5d0786664e0fa4a4dfe2b'),(1482,'d532183340c3cdaf0c625fad6be5c3b6b2e5e90c'),(1483,'01a291be772a1a5324ad718e1d9114bec97db980'),(1484,'990857a1067676359aade860c122caf9e2c7b6e0'),(1485,'168eec700e4b6a0986b1e55dc65aeac1e918d13d'),(1486,'d386c2e0cf8f7a5e2b0f132da8a1f29c9d2b97d8'),(1487,'80378fa5b694eae76d999f1ce1d5dff2f959f849'),(1488,'9c8df3392723a8230e18938399e69f9d65b2c3f0'),(1489,'abce2fab584e8183d75b761d8d3ac9116e82dbc3'),(1490,'8ed8a1a9b3042d5b4fd4627728e1ff312a7010b3'),(1491,'42fd9203ccac6f7461b60b6d140eb5d78958877a'),(1492,'3d8eea3795a921069d7f2c52d80dccb56fbffcbb'),(1493,'c0f6d6b2fba3b22d0f612a78c06558cb3f176913'),(1494,'aef9f44d40a577886f89ddb79093412866257fcf'),(1495,'9edd67cca52e4a600c6efdb1db28c4e7827ea9d0'),(1496,'5dc77df5f50da28bb87e6117ff440531a835c44e'),(1497,'10101b262393a85c42b6eab41d855a93d88ebc5d'),(1498,'a95de74c0576390d848c781cc0b3add634b2717b'),(1499,'b709648a51ba2adb5f734d85cf86cf5125c8883f'),(1500,'c6703bec25009495a06657fbee78d9951b862e8e'),(1501,'6d2469f7a503022f8d3d95e1ada660c66a933a60'),(1502,'b8724c700e624aacceede3c1a8d4fad70fa721dc'),(1503,'4fbb112fc81040d2121c171a9c76226f9505eb03'),(1504,'8dca091f62ab426dd686329e24e870a8c3df6c07'),(1505,'b7159935c71f810035bc655529f4e73da9670aa6'),(1506,'5a9dc1852a613bc9e8cfee4ebe0a85119b478474'),(1507,'9e60ad78639b1d5c392399b7b041c1a7c707e737'),(1508,'75a5ea843821de4f31373f84c92cb8b94f77de15'),(1509,'4ecb1939df8890fb186889631c96667148cae7cd'),(1510,'c2fd005388bde065146dcfb5d2539f6fa864e095'),(1511,'b26622063ac255eb778d3983b4a4250f8f8cc893'),(1512,'f5eb031086b303d380b411a1821cda269574c1d6'),(1513,'528d40bc884c4a0b9e25726ca2a146213489e0da'),(1514,'33d857844828e375bf128517438970c9cccbe8f8'),(1515,'40d9ae7adfaf3f7c34b06a77efeaad6bc3794138'),(1516,'625101855da8ae62af36c52d17cdc885ae9269f6'),(1517,'01c6381770b2e021aecb942e19b59ad7623368cd'),(1518,'524a1e25590cd2b7b222513ca32af9cc5569e67b'),(1519,'41afc6ae256835c4ade23450ee94b4cc2521b7a5'),(1520,'54d80bdb5f1d406c15d5a9a95508adc14e336777'),(1521,'832e7d35d148ae552227c584e65eb48100d6724e'),(1522,'20bef9719ab3d6ab24e0e452d0514851f24b3b12'),(1523,'4eaf532d23d919d5634b77190ba93fd3caaeb426'),(1524,'a54bf0dde5266c440251e1c0324df7f2537420c0'),(1525,'c52246b97c93da4c707b93b0f7926d41b8617e37'),(1526,'09a8aebef64b359059f63f3396507ef1345e0f75'),(1527,'08d8c99937d6f6957f1449150c86dded1c0a363e'),(1528,'9b783cb7de6fe5346bb703b7792559338d4682a0'),(1529,'c4da24681fd94fd3b814beb759282c61dc047c8a'),(1530,'2cbb29ee81b80219c1fb5903ebc8d8757ace1735'),(1531,'d2dbef95b112d7aa8a7c4128783814fcdb614319'),(1532,'c548116e0aa1f948cd9a6d59b6baadbbc7f3450a'),(1533,'0e0d11d85068d88b178d10e92a7541dc7cb1bcf1'),(1534,'09a07edf86d43f8204981e9472cdf563abafeedb'),(1535,'b6929a558e3aa90ff45fbb82a43606108be8bedc'),(1536,'8d118294c176d8d1ac9cabfd36f642f7523a9b92'),(1537,'1a6ab11df3df518b342b46407b5df76bf7e04aaa'),(1538,'d27aac933609fcd8b0e2cbb2183cc22e2d97d086'),(1539,'0ca2307e975c5b0c96bbf5dd15a56c69b5caec5d'),(1540,'144482efb35b1cab7d2c88aef910a91ce242495e'),(1541,'d92a23aaf874ce0a2468d907d7ed444f7d14c91a'),(1542,'623225e326a2ea62eded634ab144c356edd01b26'),(1543,'c5dee6e1e03925bed5be9bea9210ee6ae660be38'),(1544,'9f12fed6e0771adfdb1c87e02b88e86f7d117b6d'),(1545,'3fdedfdc1daa00eb78ae10bb07af3a30733cabd4'),(1546,'29e8e7ed05ce70a5c80105adf516a238fd0675cd'),(1547,'f62af5f98c464097cd30e19773b554df981b0911'),(1548,'8d502a1dbffd688e3a6cd607fd8e458c3ccd5a34'),(1549,'c91d061ba1749eebcd06a5ffa875fe8869530f99'),(1550,'0aa9b1eb8f51918ad14d4c49439202d6a6451602'),(1551,'14adf8147ad70b2d8bbcdcfff0ce8b9b0da875c9'),(1552,'d16bef75f6138bed7229c8bcf6797bbc5c0226fb'),(1553,'40e95c28288090fadb21ee598f08e1be234e8150'),(1554,'e5c94c7e6871a3d3517dd44bd5102afe9457ce15'),(1555,'13014dd42f315776d74e875735cd9aa572e296e6'),(1556,'da2387563e19f87d0affdbf244342718facc7f67'),(1557,'1ae2efef7005fe033270d225faac6df3a8c64009'),(1558,'d9fcce63cd2cd5869aa2f830cf2985936a040bbf'),(1559,'13b412da2c04f0c5de51bfe3f0b12e041a74dbcd'),(1560,'7efc4174c08c01f037e83bf68d8d10b05ac020ef'),(1561,'173624ed94807cc4bd7a9eb3ef3682154deaa713'),(1562,'af0302e4bd357cae7df4b14cabfe63c4d1a7728c'),(1563,'af4266cbd7163f94ad0f6fdb8414d150255abf19'),(1564,'9dfa3f92d3ab8fe4ef567e1c93b0ba60a18fce8e'),(1565,'d0bb4b0844d49589d9bcbcb2f345d47e7b611e3f'),(1566,'5293850b18d2f444a6270033576c20aad4269a6b'),(1567,'58f2f18cd8a565b0173e2f70ca92018aa48334aa'),(1568,'52f4ee28a5596aa38d0f981eed976399771cbf9f'),(1569,'49a0133a6952a03751e703bb636f9f60f35086ab'),(1570,'8a2a7fbcbda0220d288a4c50d2aabd6880efa173'),(1571,'b39e79eeab8e182346e0cca1dc279213e8c5c717'),(1572,'f2d27c011d569c0d51c5469994b9b7e20e66dd3d'),(1573,'f484da3064db43aceda5913e23521be43a948676'),(1574,'3e0bc77926d99788f376af78617d5c7fd3c71897'),(1575,'d6e0ff716085cc5b880460e58c86d13170555073'),(1576,'824ab4498a56efd63636bedec6a9a176def5cbb9'),(1577,'fc8211d75394c23bb1b35319acef2c0eb0de5e1f'),(1578,'306d81ee6226085a86bc51f1c5d9f205af2fabb6'),(1579,'ae3afa321927cd72a44bae21c22c021153794916'),(1580,'a934f7951207967fd6f94c96d835069de6587bca'),(1581,'577de5dc909f23cb606f7a8b9d3f4f8d2e1586d9'),(1582,'69883e6cd618926edfc5f886710cc9ad87b8ef51'),(1583,'216af50c7e5fada77b04431b54b762dc2aa6203a'),(1584,'4cedbf650d7836270339d865d530eb06f83d3e60'),(1585,'1b4e9aa9b3ed1b73d32a06c079ceaf1cf3c98d25'),(1586,'55ba37ae4a8975279e5acd2578f58aa8bed9526b'),(1587,'b0d1fb5cef2d7008eedbf987bbad72d48f59a304'),(1588,'67db43d0e615d4e232bfda2c7c187f56d2065700'),(1589,'495c103673fe27eee5326d619f0aacd7a4275ecb'),(1590,'586fd69531906f662f0c63ae39084b4345004c19'),(1591,'9828c7e213b8da04257e59dbee8bb9d43ba719e6'),(1592,'d5e1426e42ff976918ca86140e63af0725145450'),(1593,'2996031431d45f93a4bba7975fb224538b55d6e8'),(1594,'e0070d9be8b342f2d31248acc1aa14f90f74abfe'),(1595,'628640731a50ec6d30c22e5f2603d42f34b225db'),(1596,'12432b32a7e358013adac49e251a5ad2c876e6e7'),(1597,'03941f5fb54b566f5c4e1b86eecb619512177f56'),(1598,'6e994c178ddd59b96be599eab627c1be2be808c0'),(1599,'4a1b716878996c0371371d3e9fb99b183929ee64'),(1600,'c509b2457e196205e423f6e6c8faec8fb94260a2'),(1601,'beb69af0cf2d43e96ae46abcbe20fb0bc8647a88'),(1602,'2a2f13688359f9b6a731265d7b1c984686e991d9'),(1603,'df589b36e8a95f82dd9593f3503b1c6eff17486c'),(1604,'11f228f71ab15d604eefc1c863d1c469d23b1bc7'),(1605,'df210ecdbe1e672779a590de11c9a276e4eb7f04'),(1606,'2faf13c1e5057754fe3adde047afd2ffab1fa47c'),(1607,'cb96dcd2e6f8aa60e4f3d36de7a17e881b3e2b74'),(1608,'8a79903fb66efd298925ef3d803f2695d9b74a13'),(1609,'34391e19f13856539c427e75018476c3ac5f14f7'),(1610,'f842743f6ac12ff9db4c953116f724c7681d1167'),(1611,'6cb9620371b15d65fc0b3977822b084d94f1ec97'),(1612,'80efbc654da464604d39e10d4548e38596df1d5c'),(1613,'6cc9433e961f318923678320f8bb87bb3a1a96db'),(1614,'e8244fd6b443f9834b61a0700f789385f6c1e4f7'),(1615,'3aed486f864ccbb38934498cc1d453a65311ed72'),(1616,'43cfd769ed7f3f5e8e79cc53726b28ea2ec79155'),(1617,'68da1032c0a6b9927900f2ed678cf354534e1eed'),(1618,'d7072815e76119b47b7dd20128e9ded409c842cd'),(1619,'79214ad5efc4ee0ad02ec73eb169abc93c2e01f4'),(1620,'1f14cb16e70f6425fc47d7b87103320f973df11e'),(1621,'26928539290e5ae761b7cb56d306440f410e36d6'),(1622,'962fdf9050eeb81c85b07369a17008d27d88ec1a'),(1623,'578e1a8baa93b8490328f49b03c24cf0f54dcba7'),(1624,'29c6b53106adfab4a82570fc603f66af42062c4c'),(1625,'b3eeb0646e71e7790681b350f7bc05dba81d7d5c'),(1626,'0ef51c50aef6b9033956b95a49f120a4aea090a6'),(1627,'12054e5d30153374e8a277e0281194ca0f3351a8'),(1628,'5b1d8208365e5bc7798e614e8b20007267d71abc'),(1629,'97e66a45b9c518b6e045b5c2d2ebe8470629a49f'),(1630,'0549e5eebc8cea4ce9da358ae877e08dae1364b3'),(1631,'58e1ad091726c7c4e1e411b84de7cfaf1de36d96'),(1632,'3c86c338b4d5e0635ee815528b09442f6cc73230'),(1633,'021a32299f5b235a0657573456cd47fc1fc4956f'),(1634,'46e2c8e02276382b4e6ebe4f951503e374323620'),(1635,'a9a8b0f709a8d1e73824b412be6ab51ce3e4993d'),(1636,'f12a944f9661f51cfb93d0218d42d10da0868c32'),(1637,'d62cafd79cc4c802ccee45a22e4c968648b2a989'),(1638,'828d7eddd45417c6f1fc32a7368482c88e1ad68e'),(1639,'fe33dca0d9c225bba1cef59a88ec7ea060568886'),(1640,'d684ddbd811175d123a4e656e70bd5dbf7d5c8bf'),(1641,'3b2111c9ef9cb6459cafb3f48eb58508a9f5c4a3'),(1642,'96053d7f6b1edcfbb1fd2f850c5f00f2152079ae'),(1643,'3a5419ccbd6c2d36fc65bbac227267b808c52684'),(1644,'8ffebaa42d723203767735120714461594b23470'),(1645,'9d41a074b7bb655925408f2086cf3eedc18f4bbe'),(1646,'a2dbd808346415c00cd698f0336c1331d4ab5eb0'),(1647,'99b3febdf60aeb7cb47c6c819f5dfd985d040e21'),(1648,'c098e79dc3f7ba95b83b75f1f375c8f67e2649e9'),(1649,'155fa30882f2f9662280cd923309822d8eb10f85'),(1650,'b0c219c5de1461e9f9f36c726f832a4fa477cf9b'),(1651,'b8719969dcfbf9173834ade1bea5876d83c4d97c'),(1652,'608f68138a9ce2d689f3c0dae0c180e8a9469432'),(1653,'41d1189c7055d1e30c57d10b561a3d1650294326'),(1654,'b34b67fc91a486650c129c1d2d2837b1652f6c8e'),(1655,'d9e54bcb3a06cf9831a966501baab88742e25e52'),(1656,'c661a590f7e8e602ea9dfc53dee8b5163de945ad'),(1657,'84a6b6120a5240da4c416827b0998351ae88d602'),(1658,'5691e0dac69491890dbc10179d7767551f7f19d2'),(1659,'6a41632770448b0322059a00dce72debda4468a3'),(1660,'6c199dc3fc8085eca794b07b3fef203242212ec0'),(1661,'64822f91bd73cd739aaa7308bfb718de2ef9ab8f'),(1662,'d26bbfc2a8f9b848b58f21de919abdd3cd582bdb'),(1663,'81cdc51396b8692b1d97af4100aaff368681e7a4'),(1664,'edec74e10f730c6e5708087c9b26c03b1c37ee8b'),(1665,'de2c653bfd6540648e2279500258b2d1af991510'),(1666,'11c79cb637fa84623c6403e39ab7f71836b6e8fa'),(1667,'9437faf4bcb50912ee5117c50729b352fb0e6ea9'),(1668,'f62e012f78f8fda9adba9f9a75202cacba021bf7'),(1669,'8fd7fdeeffab32e9b41ed180772db2c72f4c27df'),(1670,'8b955d1332c0828de45d264288a608a23f909ffc'),(1671,'a249d972cf972820547cd9a197446433655e6d3a'),(1672,'1a642fea9213d3b346ae3ff14dc4430062308018'),(1673,'055618cb5ab3b8c2d33c2da6d3484eedd3f1c73f'),(1674,'8e88f0b811358bfb0bd69dee6c1f0887db3b9c92'),(1675,'5340218e945e1dc6403e6f2c71c15dc57ae9d163'),(1676,'be3273d216096df8f4482417af7de3b1b95fc276'),(1677,'04319b66ffda7af96d363d62285a4f8c03b5f3d5'),(1678,'18085eb4cf129ea63eebb8af15cdc65bead32319'),(1679,'c8b2e2d00f48aaa0a359b0bc3b7728a7c0bbf344'),(1680,'9529917ff5f6be2a089c2f77013cc4b87173b622'),(1681,'3d826ac45c8111e89ecbe7a51bd7918fed4c0a57'),(1682,'f300a0144141765dd06a6862906de7d5d9d57742'),(1683,'9b0e0186b51e14df7866aefa2db5e61438ee6cf2'),(1684,'c3447944208257fcf28d6c60a0bda28d09b32d85'),(1685,'874c7b10e5cb6d59c97080face7bc36ec0558977'),(1686,'cdd2b6b9b3aff0fb066edfdba0055271cd78f7f3'),(1687,'cedb756bb01e617899b28848709ef991e3e8fd40'),(1688,'b285f5a1c30c94750389f0d71825183a5be1b679'),(1689,'6f1b9ffeb50907a84978f4c6409f12ee55d5a06b'),(1690,'6d33df1620a88f6536bf99a365dfbce0c7370db3'),(1691,'a513da7190f9e5a5903442e8b1f907ffa1fd04ca'),(1692,'114eaf00b72eb12201e2b74613a55f5079aed7e7'),(1693,'3ece5bf58bde67437405c37ec9c6ba89731f324d'),(1694,'efacadf337109eb5b8b2e6051233307295668484'),(1695,'689597f8e53dd13a2ba62f0fda36e942ba7fb948'),(1696,'6c3401b0a4c6c34bb4d8f248c97a3dccbabd9b49'),(1697,'961194c4e0d4d04c3258a76c9c630e55a4c769ea'),(1698,'cf11c2dc8287c2bc3172699d8551372a6e6548f9'),(1699,'7bbaa53fcd9ea0df1539c78c62dfdb9b3830795f'),(1700,'53ba7b93c7a392c23d0cad83767193293bcce0cc'),(1701,'7f666d34b41baa1560abafc386dd0ceb32272d69'),(1702,'0ea6199caa9ba44f876e386f626b2e60ca6dae52'),(1703,'a6676ee0438cbf40549fe4151289e30fa489e409'),(1704,'310363d722a83da4187e8121f724e9728af9049d'),(1705,'2db782ca25c33daf18aa37c408c5be18f6d1b7e9'),(1706,'0df753fef866973625955bb7935dbd6ebafa5289'),(1707,'615dd7ff84fb4c1dfa7aab853190cbf94cad7909'),(1708,'5cf28bf20bd0d7d21ebd069a15ab4d220b0373a9'),(1709,'58dc235b6265cd6784e2f239f0f88501a7f8a54b'),(1710,'cc6ff94ca16caef4498209e3ba49f038c2969d07'),(1711,'73703fbf774b1a4514928368c62e536c081789e2'),(1712,'4e623a6af2bf386fdfe8afde31bafff1f2a57164'),(1713,'bee50fb89ac269ef4c0c12d90484017024529ff0'),(1714,'912e74998fd76b66c9536f1fe99f2d763d5b8efe'),(1715,'8c788975d71ca51fb0145c79720665680e810711'),(1716,'88e9894d19462054d80ad1090b6d461148638e87'),(1717,'dde3be855465e58dcd1d8bc3637b8bc82d8ed65f'),(1718,'52eba5be26b1101e098f08084ea206c974744aae'),(1719,'8514220c56a07c4c3970a52b1d25542726bc706b'),(1720,'fa4b992bc68ca3ec726cb1d2c3b8c5f13384cc1e'),(1721,'a64d2e2f591d735129bb2fc0b07eec008cbfc898'),(1722,'0a2b00c2cec0935986f04bd1928a3adb78c83be9'),(1723,'7d3a50006ace9044eabaff4139b1f684a3d8eb27'),(1724,'d519024aa7c5cc77a8901c0e6f5006163bf79f13'),(1725,'9cb27dca89a082e585dd04f527b70d896bd606d1'),(1726,'f2eb8b9800066a21fc1d1a1a758b42e4e8d4b367'),(1727,'952eb0d48a42e9d870223d2c4be12f1d08e8a24a'),(1728,'39786c7a5107294966400641611c815699c6bd91'),(1729,'51d630065b52cc4f657c6a80975832b7b7ecedcf'),(1730,'4dc86156154daba81680ce3ad5dcb8ff1781cbda'),(1731,'e4c1a60e6bcd1ed1c603d38d36d9155c7bb20be1'),(1732,'ae79e00a6a6f2fc5a7b4c4d992060dc24f7c06b2'),(1733,'b86d33c0b2d69fc6f42813b284727fa3c755184d'),(1734,'aba32845dd5f7b8c80a5edd59e7e74259f746f47'),(1735,'a4125cfd393b8478bb7b32f73d609770a8437e95'),(1736,'ba75bd19a8ece2de848c704e95036de0a1d5d9f3'),(1737,'76f8ca390b83def1d3eecc0a03927435c53a0b82'),(1738,'ada56488e230624bcf49c91e2c92b55fead240b8'),(1739,'2a408002011e723dffe4e944b52806329851558b'),(1740,'eef14d3f5edfcac42dd3fb255aa6053e892c40cf'),(1741,'cd6b36051b386640d786fb0b75b6760399ca3ecc'),(1742,'4b73155a3b9e7a0cc6d87ec18df1cca63788236e'),(1743,'5c6c12ad42d643574a9b68e92da0ff80bdb911c9'),(1744,'1048259884c4c6ac2aa8f2b68729704d658b51a4'),(1745,'c146ac20bd1f18565bc54e1b87163aaa83c21f5a'),(1746,'0a0d54ae67c909251f52f666d7835100e8f61095'),(1747,'7c6f4205a5992bf5c7ca5de10d3fae55f03a002c'),(1748,'f817014c9691318d61a43cc77b6f38671b00e5de'),(1749,'da470feea45979e83789633c5c4a152342bbee28'),(1750,'a5188671b44b101b534b99d7c723b58eed74536e'),(1751,'d90d81dcf634cafb7956847a0a6f8c91f3dc2695'),(1752,'39e98273496de7e40cdbcfcf5051e6f931805599'),(1753,'e48cb85ecfccb4200d2b318d323a3a60cf99da24'),(1754,'b02e00ef7e91ea3e9ca3d7c68ad4aa9983932b07'),(1755,'ecc4c96b166708954e0b10e65dd55526d85a94c4'),(1756,'0c5f46ab8015b7e78a3bf6f63f45a6e93112dcf7'),(1757,'c0932bc8fe9797afabfe7e19e1fcee86d45f691b'),(1758,'cfc8b39925c35991744f1f59b6d36e3d340b02d5'),(1759,'c721e87934100b3cc7234b483728a5d2d0c99525'),(1760,'deb3496a8ea426f1add15d6a797e94c96c17b46f'),(1761,'a9dfdb18cde989cb3547f0d2221c44e3b6bc08df'),(1762,'f19acb892e1dc434ea671a8649f7d78365504b70'),(1763,'d95ca057aad1fbf427832c944acd92a9df89aed6'),(1764,'63910f30ce9b946350088a762a717ae3f667547b'),(1765,'47e7fd5a71274ed5778fc877dd5dc14ccb256f18'),(1766,'42c37e479fe9f1d655571c40d0e0fc3c30c1d54a'),(1767,'fa93ec40e1cfc42ab08700d04fa24f322dd6ef59'),(1768,'3c1f9c40c562509c4e350bd5f8a34856522c7a7d'),(1769,'c0604714ea840b6dbecc808cbddbba114dbb9dff'),(1770,'f1302126819b9d917f4c06dba15c6fbc6c644c6b'),(1771,'7123726ba39cbe4a5abaf51294de885936b8ec87'),(1772,'031dcde1ce9d7e169d139e2a8feeb14112ba06a0'),(1773,'3b4ad26bce14c2e668f8c9b244dc7cdee690ac18'),(1774,'4501bc1da619b7253701e39864b413b65fd6f328'),(1775,'7f169686ec7c44751366c372aeb42e2497ea2aa5'),(1776,'ff1dea9d6e9ac74f5e352b3ef9df230e827941a6'),(1777,'cd557c85705b8db2239261623b8de2c15b591200'),(1778,'8a0f1cc4398509819a853abe92b5bbae09b32cd2'),(1779,'79e612b8ef572dd3c646f6d9446f8fbe90015cf0'),(1780,'dc8665dd0209c7f8ea3166f35703956a6f8650c5'),(1781,'6b47ca55c5a84978e1e02dc3b3c1519f426c8626'),(1782,'1b54d0a5e3af63b2c752ab3f24ee081b0252f9b1'),(1783,'cbb274b00d79d0f88ab90fa580102a013c0d098e'),(1784,'abdcb9427da3c49820bceab113b57e7d7541e9b2'),(1785,'23a69bfe2bf2b215e742269d5321c87fd6088f26'),(1786,'577d91844490e548417c996dfd8d9ed71a4e1e58'),(1787,'d8461def3a4532c464439eac186901a79715a3a3'),(1788,'7d02775e5ba53e27b2c120748a8b170152777cba'),(1789,'f9070233a6e04454354e0993d03ea9b7e2e5e3df'),(1790,'9fac1e040ba4b29e12c286388afe66cf27223fdc'),(1791,'a056559f66a7d0af52f9bef95358604dfd4d81d8'),(1792,'b64f1ea597ce96159057b745d9f56ac603e00760'),(1793,'7f26fc27d96ef11892993e97a4e6c99537b1006e'),(1794,'7a8e29a72315a9c686700bfdfda4ea30af63481a'),(1795,'9b15f022f1d824a46d5e4172448c638897ba6066'),(1796,'12e4acf20dd5202f69f135f2ab9ff2445b108104'),(1797,'0ffd699dbc6a9aa1e2cd947d821bdf58fecf4996'),(1798,'efc3830166b8efa169bc1b06cb08685972634fd0'),(1799,'fbe37eb3c9d63c96f6d93d9c7596f087fee5ea07'),(1800,'db6bf06d830bd5d29043ccebfd25db17de97b1bf'),(1801,'cdfb3e2e8d0ee4ad35eadff21b449a1d97e07e7c'),(1802,'235ae5fffd8dda3a042311ac11791a8ebc8dc50d'),(1803,'e326eeb3e0b54183377b83f6b367817bda138a38'),(1804,'26269714cc699cc617e7020a11eac8677f29b70d'),(1805,'433b23d4072865b9b90d608065e911a86da78260'),(1806,'fe451cb17a192ddcab0f408a7495b99595b63edd'),(1807,'a41ed062714be4585aacc76001b4f8585c2c45bd'),(1808,'fd123e96be787dbe3275b701815b06e11a76a44b'),(1809,'15f1a542858ac4bcbeae1ef0e93da60de8533818'),(1810,'feb6092f4cbfbd7acaf606214726f5f546540746'),(1811,'86907d87ec419fcf8a325e362c65a4dd780fa260'),(1812,'0ec8b161349e310cbe227cb61c8fdb45956d3809'),(1813,'5da421c81db61f4b36934b3fa1a9c6067992c9b9'),(1814,'011aad8e664717d5589666f3e5a7cee2477e2584'),(1815,'47f6e2bb7136f1adb2eca53e5172a30d7a759b3c'),(1816,'9be43e32d3dfcb28ea5a1c39fc2c270a9ec05fe1'),(1817,'aec0b81acb4bb1798f4d4b7f4cc4c85734146324'),(1818,'e564bc8a5c0d4df376ed65439e49767cf4498dad'),(1819,'25775caca75080d802839a9dbfdfea15fdb6489c'),(1820,'da4f6b301a5bd72f4d7b19802ac4ad64de7b4c15'),(1821,'d50e21152bef57dbc121472aec56ace187d4f8f7'),(1822,'7915937ebd312406e53d35286112b4d9a5cef32b'),(1823,'3fbdc3566ff6549b39bf6efef670ca4531dbe6ef'),(1824,'0ddf32c4fc6c326bedb168bcd14b8e3248d23b36'),(1825,'ccdb1e2313ecce9bb208f4a42aa9c1d4ef0f5c6d'),(1826,'a20d2ff5c010cc1c2c4e5b6a0fd97e2f8107c245'),(1827,'d32c87e0ecff556e1ddfc0fd3e388e7992fe5b97'),(1828,'4b334d85bf8d36ff17366a6aa4927b2fa940d7f9'),(1829,'f2406dfb21e7186a23d736db685c0b3b19faa999'),(1830,'9520c3562508360c0266baa118b880563e60d7db'),(1831,'7da2beccd30e86ca03ac4775a859f26492ccd229'),(1832,'a033dc8ee697a231dbe540159e9fe168b53cc307'),(1833,'760c4e2b7bc5e5c2b9ac42d85c3658b8d8162cee'),(1834,'2aaf189c7e4766fd665274c76f3f5daeb7cc225d'),(1835,'346e0ac20556badcc0d4a2aef0b015bc0b505b16'),(1836,'bb568f7129e857dfb59cdfc8d2cf469bed8f58c3'),(1837,'16d0a2fcea3e5335a803c788aa234b9250ea99c3'),(1838,'a31aadcd74d7d2220bcb624c987d4e5383584462'),(1839,'9b8e3cd9395e975cb10ac85d252437b11ac67661'),(1840,'a39edbcf1c89c31845c9dfb950dac0daeff8158d'),(1841,'ee0ac474f10f164cb9824ee8670e19b6c54d3492'),(1842,'e4e4c8cc592527135c60b0d8f42c825e2382e44d'),(1843,'3475c401cf8e374aa42ccd702862c910d678ac38'),(1844,'8f6f96c8e0d7d2f161eb761f1718e69715cd4887'),(1845,'26d3f0d432b21e19b1b1810349e107d7b4b05684'),(1846,'8bb7b867d079dac4c1e9f030f38f8eef745a701f'),(1847,'4e4a8022d1b85bc3dd09f8b4cca2fd70d3922071'),(1848,'521e46315af3976a8ed6718ddee1845f31929b0b'),(1849,'ee0f01f6fac768951e3fd578374ec5f27db1da66'),(1850,'0d2053d96539250e5c9f5726dd8d907f00a5effd'),(1851,'3cf7fd9952db906f3dd7c45659c60058b9b46b4f'),(1852,'b3d569dda39c31c9e004b6173be9de395ebb6c85'),(1853,'37fd68bf1c192683f8796d2deefaa53cccaca61f'),(1854,'2b2190a2bf5f135f63a588cb03f5803997c82384'),(1855,'6bf7268e64266d69f5035c35a4d2f36a3a64a6f2'),(1856,'b68b2d086eec77285d512dd85ed316d227a634b5'),(1857,'6eaccf0ffb0ca9a4d50a6cb8c4e069e55506f32f'),(1858,'3717b049f3a91ae61680d904d91786bf5c88f86b'),(1859,'c134876e2a5679add8429c2f5df77885c20c3994'),(1860,'e1cc5bf59023c03949714dc6e9d624187eb3166b'),(1861,'0db4f8a7ea625ad43e4a39383fe9f021c0eb1d1e'),(1862,'b00913ae0fa0791529624b7c01546fcea65aac86'),(1863,'28a0a68df91def2abb535f84c4c2f9ddcc7c5ca9'),(1864,'a5270e10a3f32d8a3ddfb72d6c3d71cf32304e23'),(1865,'87847a53cd4c4fed30b3aa2c86cb687017911387'),(1866,'c4967d88d62455c35753f2e7efa65f1b97f763f2'),(1867,'8de231c0cd1c16a6316a29cd4b6cb92f97e8bd77'),(1868,'69038f32a9055945ed33cc6b850cc64b7e8035bb'),(1869,'90513586027dec720142c09b5ea117591013a174'),(1870,'6d2174f0b844e37c03559bb353448c93b96c46f8'),(1871,'0f5e14de5155e97e2315f25acea58809ca62e62c'),(1872,'4236fefad80133001dcceffc37b2004106b34506'),(1873,'534ff06968db03d8c3cf8f0f4fa1a7c55e6f3c75'),(1874,'b2d6ca98346419de24011165e20a49c7cc3493ec'),(1875,'5dbec5ec0aaea9fcfae3fc6cb51ded460803d5bd'),(1876,'21ee6b65fb309841be195fdb76587fbc27835407'),(1877,'cd623603c95a02d4dd2f222666f8dec71c8444b8'),(1878,'00f9ccc99708c079268eda89aa228c21ba5a6d24'),(1879,'8746be0bedfa040fe43fe5aee9c7e45016e6ab31'),(1880,'5044a29dbc3e26fc4f83a859b3495ecd5a7cd866'),(1881,'6b260463f124bd6a1a8377b904474359b73784f2'),(1882,'137b7b7a80619ab3199dbc9ee32809a773639534'),(1883,'a9dfab13bcd03e6c8d6f21bb42fa1fa24be3f769'),(1884,'c46d621e69f152e9a489d4c6ffe74488390fefbd'),(1885,'34f5e175bee435071a791bf54fbd2634c305ac54'),(1886,'c85e2c61581e4bb93fa56a0d64b51369c283a86e'),(1887,'14463dbb6dd2290de4b6db719ddd6a524353b1de'),(1888,'a1685a83688d1a60ad7ef07c8fb15d30e8c3dc48'),(1889,'c5cf9dcb971a0054d5f9936852838dee8269e648'),(1890,'d26d489e56bcba35795a3ccd5f284f085d51bcc7'),(1891,'129e4612d6fd2b4c493808556c0059c67038543a'),(1892,'4960896c6790e501fa4171d0f233549744d172a6'),(1893,'09c22861b54aa878e14fe2601651823ee1f9e4de'),(1894,'0d8ae58990098b3c400e7d96d9aed0e010f7fd9f'),(1895,'7768d3277f1cf5210f6565e037a73d4db24e853f'),(1896,'9f845e07a30c48b174af6420d59b5f483eed630c'),(1897,'2ca94926d810bf0a110c5777b98ef0c7c23ee716'),(1898,'7d45e7ca3c672492179e282cccfb6f0fdfc17952'),(1899,'b7cfbdff4e74b55350a9a6dad66bb6b1fee6951b'),(1900,'08abcab32ab4d2a689a3daec981d2ade0a4837c2'),(1901,'a770f1fab0f9ac3536da120c23341405d1e6e507'),(1902,'9262233b7d6a54518f7de1c29879e2a628be28dc'),(1903,'b04b45b0f57a853aa9d9571a7d4e42a5d0ed51e3'),(1904,'09a464e7d23fb66b83690c417eb9aa248eeb346d'),(1905,'82a173bd7fec7e635f01378986c742e146c4e51c'),(1906,'8d6ba24f32e01a516a6abf9cbcd6ab3a8daa674e'),(1907,'5d5e9ed6fee022d39a9afb35c943a1fa96c923bc'),(1908,'a81db69d18677249d0dc723261200caf5f62f889'),(1909,'0d43144de557751be08a308e45d1526b37453a50'),(1910,'2607188e809b016d521e48bb88ca26cc66ce73a4'),(1911,'3b2ec0173e7429fc6ef9b26f3022a7322f2cb73d'),(1912,'a8271c9de26c319f88f870254d57c53aa6cb0003'),(1913,'3870a04e1d67c43c3fca4a4e7f9b5dc8db1c7bcf'),(1914,'bc8dc050e0f8d7a19323c5d8e2fa8b61369dc778'),(1915,'6028992aa79e29aad382541b52567271dce052e5'),(1916,'4ca9dc6df302743afb28677d47ca758175971a27'),(1917,'0048e03918b9986ced4889feae5ef9bd39c3605a'),(1918,'1ca214cb08f9cc2b343d68fe7a469ee1afb474dc'),(1919,'7a797dbece50756dba968eb82e1663ab17641375'),(1920,'71fa8d4f04ce2eb922598969563ffb81d94f6c16'),(1921,'cf7c1dd16a381cc463f2ae62955036a379c3942b'),(1922,'e006da7120c97ebd6ddc151d44278d5022f31b33'),(1923,'b61a2ef1543a5160babf8fcfbbe35e3235abb945'),(1924,'fe60ddfa7341283648c30fab5a42b37c4c6edd25'),(1925,'14b4a36a8a1454e714e84cf602905712e300bdec'),(1926,'50f14952aa39219f2791c85667b4dc42afb432c8'),(1927,'7a7e6ae14318bb2c6b4583db9eb5293624f16039'),(1928,'fcc215ea7e9af724bc893fd599a25b295aafdebb'),(1929,'a5cb01f7acef445baa15e2830b058364be921cec'),(1930,'59b689cc8441fb74f2c080c2687ea3a7a47772b9'),(1931,'27482edfb32fb6fc0819898769b4026e518248b3'),(1932,'a4d9e0db09333515f0f7c2dd777a9bb6c8fa4d7e'),(1933,'6618f92bad1539593ad3ee2c38a6cc76fa2e221d'),(1934,'8ec736963486d935b8357fb8c72fc0c71f962799'),(1935,'e819eb081d18ea684b0b0f7d8085a4dd0015dba1'),(1936,'cc65d2cc32e968e93cadd9d5389ccc7b9758434b'),(1937,'a76f1072e47bd94f74e717bc723ac7127e1c7e43'),(1938,'5ffa25078c2484b882ce046d875947bbadbe4eb6'),(1939,'d6d32d85eee880265b96d30da8051725a7ee7a8d'),(1940,'7e8ce2a3f8c3e549d9467adcae731b4e3b9d4943'),(1941,'ce75c6007dcb9387c216a17ee489fda4ee944086'),(1942,'92394bee856e2ceef1053ee7089c6f055d2a9811'),(1943,'3003b06d1ce3757f5878a1a126f45004f365b40c'),(1944,'90381d00bfd595d2469cdc34015356abd354bc28'),(1945,'38dd879e274cdb36f19226fccef0b4aebee4bd44'),(1946,'922d4a106d223e9a6f06b1888b70bb58ec344d6d'),(1947,'7bf20a6f893d0e9e8ee05bc941903d06fadc5d96'),(1948,'eeb55c71d6f453feb714c35cadb7fad9aabb5bd3'),(1949,'3df1727037d95114534431d23ed930d16f6e8ddc'),(1950,'a040ea8900eebb3c36b34108694d67f2cfbff6f2'),(1951,'3a5b3e91f77dd82399e056dcf8eb0c069eff08ec'),(1952,'486b9a10fb544c4b5f85752380b3d120d3475bb2'),(1953,'bb3bd22ef9ce8da363da923005d336bb273e945d'),(1954,'7a3ea0d1bfad8d646e1eb5d7508e767a0439f555'),(1955,'28feba122d25e189e5f13f86f324101d7588503b'),(1956,'368474e2152887264de0069359cd89a3baefc599'),(1957,'03bc0333a4d619f1d082c73cb8a40c1cabdf1cfb'),(1958,'998a2ec3b5ed22376d929aac7c1f59d67ea6dad3'),(1959,'cf82b2e28d1fbe05f6cc0e451a3a12e03bf96e2a'),(1960,'834715d46f0fdcb427435830c3e8654af3ec870d'),(1961,'e455dcfe1ac64bf8c7c1f38618b7fe7c41db4fbf'),(1962,'6a8653088e6e9387c934809ad38b166ad5b11f10'),(1963,'4cec20054233facf152b2c30bd42263f580c69db'),(1964,'a0d8f65191c75c622ff3f9973005a666169fc1b3'),(1965,'b54580690764064597de0f6b946a8fd9cd39d7f9'),(1966,'44c8e0712a42025a4fb315c8ca460888379e481e'),(1967,'fce2a986e4bcb607ab6366b29df4338a715e3617'),(1968,'3fbc16ade78c945f2eaafe65b41bcd4513ef23be'),(1969,'a731782c213fec12b70a0fc2f002593cb9d819b0'),(1970,'57803092b8c25bb02f774fc6313747161e155a9a'),(1971,'1bfa42afd7ed00443c14f1af757d2e8ef72b5faa'),(1972,'14dd459d15697b042152c3b3b44de671453218e1'),(1973,'eb2065a9e2e17e754a144bcc8accfe81141c1f8a'),(1974,'104188c1b1b87806a8c3b68708b4672320b2c619'),(1975,'3f6ef269d6862452dec6fd859c910c6fe99a6d89'),(1976,'a5614f5360c6ddff04ee635c46e166ca8c754221'),(1977,'4d99b47263c19706529d6c68198e3264ce17c54c'),(1978,'9e523d517c4d417e1f2c46eb08bb68441d695864'),(1979,'1368111dbe4c115f5f0843632f3278552266c09a'),(1980,'c1d1561757bf15b1263e2a305e8825dbd269df54'),(1981,'1d14bbe2b1099207b28dec859b04fb288601ed60'),(1982,'af10c46eae5083e4d8ab96ab4b4e927c55d003af'),(1983,'bcfb8f13e327aa36b3466b44766bb05ba53fa787'),(1984,'0f50dc207fca1ff3a3022b071a4c4beac49c6c31'),(1985,'748f78eea9a277b859260030027a02ea5a72e299'),(1986,'ea50764bf655bfc18da2ff97d44a422b8a0a648f'),(1987,'d87442ff9644e9129fe13018f9b6e54f1a847820'),(1988,'437b61a780de6e07d7b176aeedc77d12c2d86f1a'),(1989,'8cb495a8520acc75b573b852219fbf632686cbab'),(1990,'12f15c482c509b917ac04540e820a7ce283de594'),(1991,'546dbec4d6873bc53fefdd655ac199d136de8f6e'),(1992,'1afbe3d9dcf4aa42f1fd440cc79cf84447e6d68a'),(1993,'6687389f44ca33be8f3b955d12cc1376c92541fb'),(1994,'ace2dce866f3ad2c255da094427de2bc0f1f687f'),(1995,'da0b32e319046c976f53ff93035c19f215972fad'),(1996,'94812974c2f409ccf69bf3b021b67f959476e39d'),(1997,'383a83f7c764413414fb3ca0b4b016c35b64e60d'),(1998,'ce97d9303dd823125c64bd704ce3271922fde513'),(1999,'7b33ab5272fc70dad2d646676029edcf76da4df2'),(2000,'98a5ab19de9a9cd6117e136c51efc193f910812c'),(2001,'64b753c3dfb4f10da655597994999c7378ace338'),(2002,'ae4634a6ea49715112751754911fca073cb515f3'),(2003,'5aad5f37668276c679e6fa7a2aa787e5df4eb599'),(2004,'66f32ee1f52483758b1b43eddb86847629e57864'),(2005,'5f157f8aab692b84ea5553dc195745db2d3383a3'),(2006,'824f4c44c2c30db951b0eded946066f6e7e05d1a'),(2007,'8e35dc5ac37171ba29275b9c05a9cc04d4b16e6f'),(2008,'20605281f23eb3cd61dd8cc1a72c4a26dcef22c8'),(2009,'e3f8f4b1cd4a667591944b312614738a984e7e5a'),(2010,'011a6c46e9c175d89a242a96eaabc1cd0281a9ef'),(2011,'df2e68ec5ce7517fee1e17172741be0a4bea14e3'),(2012,'3354f75134ea65039e7688ef4ad344c5bbe6595e'),(2013,'ad10b2ed657a9adaa249936466f610cd75c8fd5f'),(2014,'ab5c67475f3a77c6077a4ddf2f731fb3f3717cd8'),(2015,'f571a5d0f6110227b1c96dd39edf3e20027f4c77'),(2016,'fd58a7fc993dd4b83296c259203cc5f69fbfef88'),(2017,'9a3105fef5cf6bb409214a5c08bf4c5578f056a0'),(2018,'bdd963a1fbf6b57bba153f0a716a0e923db4353d'),(2019,'4930ae8d2ff943dc242ae803b4bfb69c7593923a'),(2020,'2de6c1a767f9edcbba01479a305ee90c2549a104'),(2021,'13f525a44bb8b3d8c5f0502b87f995d8e6dd4e95'),(2022,'a59cccc8c71178e39ac589304e20a5a775a7f30e'),(2023,'6b2ba34d3ae95416fd9d6aa34b08a3533252dd0a'),(2024,'748bc51baf33b8663c9827912e33f2acc4453956'),(2025,'0f94ed88b107d431f4fde6783b28a993f977a548'),(2026,'2e74ad1191e47d4010faa346d2583b1cf9b65991'),(2027,'95f04de8f68c1e96d8eb5aa847d6709fc0187b2c'),(2028,'c28930c103a112228e0cdfd059aca03e33bf2288'),(2029,'4ae4c9fd0fa84a12be9a66e7ade15fe93a453670'),(2030,'a927fd155372d11dd268ec7eca5a5ea2bf0fd579'),(2031,'02269a19efdb2a4df2b79f193a2267555437a6d2'),(2032,'3b59f9594086ecac2f60cfaf891d13150809a20b'),(2033,'dfd3b42f8b57f616947f85a04fb0ff26babc5a46'),(2034,'c3b1d149aaeeb1a1f3e8a5feb16fcd11aae0a1b2'),(2035,'dd478c126f4e077aa4e9ab3a34003ebdbada8708'),(2036,'2cdaa444cd95781591bfa2290631a22fac88f3c8'),(2037,'c4b83e2c329122044f09cff6bdfeb20f0232de0e'),(2038,'74093657e0fe1cc3c1a6b82eeda4b17122f1c4d5'),(2039,'74a70c1ff37ba6eea052e3eca0f08f317ccc89c5'),(2040,'ba7730a86cb326f4a7d0942ae914ddd9d1425565'),(2041,'6425257ff2a0c42203700e9daf99cf492479c293'),(2042,'0b2daffe6b30028cbb6b106c8a0860fb935f37fd'),(2043,'6271637bd6f0f666eb21bea62ae36a5162f437b5'),(2044,'4c924edbd3efa12606355f2b65fbf4f2fbd4ec9d'),(2045,'920bdcb6a2348d29d32f3f6b580d8b2a7abd4810'),(2046,'71c739b4e397f870d9b389751dc86339ac83e81b'),(2047,'bcb79652b8569ef5cd779439491a2929da358cac'),(2048,'ecb49e033a59d5e09c2de3e282cbe23b6b12ea24'),(2049,'d295fccab12d9fee41e40f3048c5fabb0eb53d62'),(2050,'ac8fca2a31956cf7fd7359b8bac948dbceb5340c'),(2051,'02655f8c5633ed79509bbb6e37cef738642f0005'),(2052,'193397603b22de76274b4c3f27614250e29cebd5'),(2053,'7e5b329c9e90d4dcf05dcf157e6d9d2bb30996b5'),(2054,'73b8f51ad0e91b0c3d6afba6de43077e6b54e440'),(2055,'2a007722487f859cfe735e79d6e2e726243bdfce'),(2056,'177bcf36f20e1ea7160a94bc6f69bf65710ef99e'),(2057,'db39be4740d1a1faa641654cb2536d2ce2b3f609'),(2058,'d4e41b2fc84620390271af83affb6ea15e89f03e'),(2059,'8257f34d5a04852dbfdbd6d0b1f6a6b5367f93e9'),(2060,'c7c32d1f86bad3b6f59f257d02b068d24741aeaa'),(2061,'cea41b82b79a8b7e19356e64f14e74d1f32e6347'),(2062,'d0fc6ea91f74409912f1362411b5d1d2292bc4ba'),(2063,'e8ca6c42ace2fbfbc679ef56582f5d995b26751b'),(2064,'53ee95c533c87d3f12347a18dac2736cb4369cbb'),(2065,'3487418d886786e0c3b6dd80494184357e1c98fe'),(2066,'fe1e53f16ca6dd4fb5bb688cccf5900fb408425b'),(2067,'f22dc5f4dd2181fab7434ae35ead45a99ed8b44a'),(2068,'8359692b05e419cf36457ee12aacce5f2026c8c1'),(2069,'9ca67617c9386a4d258f6e983558c14b0afafe2d'),(2070,'3e21acb2aaf347e490ed432465271cff76a83a5a'),(2071,'180e8c41f56b8b4926a23f147762ae7eb7e42f24'),(2072,'49654c418c5d0a6f846cb2b9c2d1f72a2fe6bfe7'),(2073,'d89b21601ec7ee884a8333f5166f6baa431d78e3'),(2074,'51b4f1fedc46728df4a14c2ac4a526a785683462'),(2075,'32cf262723f3edab0264530b6629f7ef2e444c29'),(2076,'77caa5faab017420d4f3194ef12777531a2d49f9'),(2077,'6aad052b10c6c34ec0d06be7e1660aaf2f92b3e7'),(2078,'e5dfae4682ad2fb4961e17225d10159c01b2a495'),(2079,'c52eac80650114c0f2e9994d6074de03e8689a67'),(2080,'6797ff06251232d0580f3bcf8307accc4be88bcb'),(2081,'256ed3a7ddf3a7003cdf83013d0831e3782f2f55'),(2082,'1014c25c189c526b1d4538ba280e22e837ad634e'),(2083,'2cc77a4106d8b46c86d4c5189a8c34eadcc80789'),(2084,'e5180161668408e46f7369d4aa67d908da5c213c'),(2085,'68d7155f65b1843041338c645a5f1456484a27bb'),(2086,'bb18a2262e48bbe8a9766b9b3fa2668e1c232590'),(2087,'607ae0787de98673805dd1760c124e64ffbea44b'),(2088,'7f6960db09649096bbc3779a8762cb193ba47fc2'),(2089,'041dcdcb4806b946b645caa30f7b582fdf0565fb'),(2090,'a55360ed5c39791363548cf105236c499a0099e3'),(2091,'be88ac59a7212a571d1bc2912cc31ec7fb7bd73f'),(2092,'52eac15a8a7dca725eb4a58f27d24de0c547b36a'),(2093,'d595917774131d8b93f47cc269ae5f30f4fef16e'),(2094,'e32c6dd8744aa211d3d130489517bb4878755345'),(2095,'60e9492136e85e8f8bd85bcaed9ce96e698daf90'),(2096,'aa3fa6592a0e4d6dec09b8a085ba3f053b696023'),(2097,'b0172e7e65fa8cb80f73973c9fe005a4e92cd1a6'),(2098,'5c7d008db374fe1a5824ac5d17129056e04700b1'),(2099,'f97726e56243f5c9f9de786246d6b046884525bc'),(2100,'9349e85d6e23be0f63c7351293ebe65985142dad'),(2101,'18417b3a41fc218c6810d1d4706f716035960868'),(2102,'8b20aa569bee51cf71a3fac77cb6cb9eadd4ff13'),(2103,'9327cf1a0d54c7d7c757d017de458c7366529aa4'),(2104,'91bf2886fc432c34767dadcb9716c3a5b64de569'),(2105,'be5ff27e6ebe3a380f99729ea30ab07d27d1da35'),(2106,'84d6d9d1152ce06c76319409bfd911808636f1d8'),(2107,'28580c4b796e25c5411037fcc9034149b8291261'),(2108,'e336e72e4916700fe514465ae7547a6090bd4405'),(2109,'530a795fe0aeaf2121d66853b6f06c96f97ad0b2'),(2110,'68f0a5703e7e8074a383292b7bde21b8ddcb86ca'),(2111,'c356d264a7a02f1d210760680d43a3464e382778'),(2112,'a68de999bbd5098277fcce239031113a2cd81794'),(2113,'548217bc78c3c353ef9f9023f9aff692e730f946'),(2114,'9d850a5fc51ffc90a3433c8a6b9b20acbd2704e5'),(2115,'aa9e4249b9a9f7107925d63495861b7012da0d6d'),(2116,'f258c298ad70111459ea5fd013c074d92c1d4d57'),(2117,'908051dbaa8509e5f1b2a86470a2691555f4eb68'),(2118,'5d3e2f5ed8b3f5ac3ab8fc6e02b7a532b347e6fc'),(2119,'4b6162d7435bc95836f775d5ae2c60e5e6c3e3e0'),(2120,'4190347dcabce4f3f8c18829bc2c4fd8858dcd58'),(2121,'83017096c56fdf9526465547eca71440cc8950b1'),(2122,'e82161d708af885a0836bfacbf795d5e31384c9c'),(2123,'095430654843a853413f5fb9ae7ef6e271271163'),(2124,'fa67adcb0599ee81d6d6893a622e94a3f33fa6af'),(2125,'0a2ce3b372f017a0e79aea365c538ccf4f7085dd'),(2126,'942f30d3926a9911ad5b389689bfc6838970aba4'),(2127,'19673236ba76e1a336fd6b6d7b0dacb4c3c5500f'),(2128,'ac105f0589c0bd2d45f21405b675a154bf3d29eb'),(2129,'129a1345ed5e5298ba10d10896cc8e8a16ba2e57'),(2130,'caca0e7cc80bb659804476d7d21788c4b3e57139'),(2131,'4e4780f251e6f4d8a9347bd95a7cffd0b9e68477'),(2132,'9c36724414d32f0b764498be97f60d1c70dc8a5f'),(2133,'96cbf754d9790a367ad4de8bcc7cd6bc95682edd'),(2134,'a77bf4f268ffd786a9ae1ae2ee41d6a6b45a8985'),(2135,'62163e7cbe2fb03860d4b22d28407c029d1feb53'),(2136,'73b8c3833e7bb3255a1bedc3fa0fe098cd27ade1'),(2137,'bb897332064a179f0cade3daf134eb2a6bf5ca48'),(2138,'628a90e6bdd9642e991924b1dbfacb84253f385e'),(2139,'25dc19d70cde330cc0a714a0bf8634854d6a6d59'),(2140,'51a9ddfcbfd1c7adf687beb2af350972fcb2a074'),(2141,'59ecd299ca3cb907d232891556bb288b331550aa'),(2142,'cb62d2fcd5c61243749728464f93aafbbaa577e5'),(2143,'b0d61010bf0f22b270edd7c115af953996687d9e'),(2144,'383f9e2eeb6718be028d633e5b5925c123d0559e'),(2145,'9b4c1739bae32ae8603da8ed7b6fd98c0679cf2c'),(2146,'4b3057b5ad8906f7bba1d8ceedffd7d4a01dd70d'),(2147,'7d9a65d012becd1cdfa78781734605fff08bb41f'),(2148,'7ac21da5475b84cd3c7b68733e93dd15ec9eff50'),(2149,'9f317d61fb80f2f3c5c56feaa944718ecc785079'),(2150,'e03d47771d15cbc9dfb5ce08d201f1ee4db02f8d'),(2151,'d182bf227d2d133b5796b59d5a545ece52e59763'),(2152,'42424d8ee75560511dfff235dc848a8c96126c21'),(2153,'6af694ce4f3771ea5ba10921898228957f6090c1'),(2154,'786385d5f73d123ded6443e3963b0e9acb04a82a'),(2155,'2a47b48300407f7c41d17c8a810136e5718ac306'),(2156,'96617e587dd05bc2a5c44e7df9924944d507d2b1'),(2157,'b006adb4fb70761d25deede67b4834192b07b7ea'),(2158,'74c0a1a2d14ef1b7635ee11880753345bc9b2f24'),(2159,'fac4bfa4bfba205229e178b718f52e5d39e5ada0'),(2160,'8644fa6a9554052113b0df3c6a6cb181c3f8319d'),(2161,'92f834c46a18955f54085d097ac7d9a5e0332f6e'),(2162,'2e207763b7f4ffb0ff612c2c51e019e7b992bae0'),(2163,'67fa34327bd5190eee5ec377e9200321472bc3a7'),(2164,'c78220cf59d502e9d5a76684a4f5fd4277761200'),(2165,'862b2921b99afb678d571dc619458e65af4a4f49'),(2166,'af7ba3115783a7094c1b5a915b4b0352a2545c9a'),(2167,'3af5805c388524974b534fade849ede9be0bf135'),(2168,'781a4e7edb5e2203a3864ac8fd48e5d54476e7d5'),(2169,'6aeb94395c071ef1b28466e5d089961d11023e1a'),(2170,'21f493de36e440dde0fae8a9048e13c5ee92fdfd'),(2171,'2c29febe6e1f533797e17ed8e5e6a5f41812ba5c'),(2172,'4f89be61f6ea56cb2a54d577dcf9d75fc55732c8'),(2173,'b3cb4c2b892ed6dbd1c673f1d90e6d22be6420b7'),(2174,'4bd9d63fdc2055c6ef48f1ce93d0805c610aed19'),(2175,'aedacfbe504851f4727114e2e79d5c107f648c3f'),(2176,'f884d2617e5961bef0a841bf93ed4e954deb02fd'),(2177,'55d66b72f0506f8bcbbdf671815a494cea308130'),(2178,'0fedfa417e86eefadbe0f3c3a23475541324da7a'),(2179,'13c44a69f92dfd1a30ce3e962b77c7eeeb7665da'),(2180,'b5f5dfff2f0ca680175129b38797d0e5caadb018'),(2181,'5e673f8e8aca1e3ffdacdc8e71475f123d7170d9'),(2182,'c9a4384bbfeec86cfac2deee45a8d071520559dc'),(2183,'59a78e645ee1df5922343dfcd0e4476355447aa6'),(2184,'e762585d7726056cc1847cc305be728657ba71f0'),(2185,'1ba3f1b1fe2cb9f63839431c30c45deeaad59770'),(2186,'48a5d59b5fb221081061a37907ae2668307fd32c'),(2187,'d39e59a81730c6bde2b58aa239a7b5a4ca1db239'),(2188,'e80cc29adc58e4faf9c639daa3102e75dd242d0d'),(2189,'9d52fb268733e174a91c0606d2214b539d17c2e8'),(2190,'d13c4c500b447543aa2d2134b7c5461fb8d82b24'),(2191,'0ce0f91db38a85bd6743d16405cbadf489de742e'),(2192,'9898541c97a285d6e04f40fce85868f3b65592a0'),(2193,'5de13135e2cb8b10264c9d6c33586348199a5e21'),(2194,'e01e0c847e816a4aa435e5c3e06edcadcfb685f4'),(2195,'240f19eef7cf0cf79ef8d3583f062e5dfa8d9dec'),(2196,'9d765e66cb8238145cdb0a6ea91f8c6874aac96d'),(2197,'6f7c0fda9f00def5b66be878b1fffb7c57e39302'),(2198,'1e6c9c6b098adf2be96cb1ec28ab42b7d26acd8e'),(2199,'9a43ebff1e0b0131f5436c7781ac9d74210aff15'),(2200,'c8c1096e719f6ba2a38c0b6fe0747d1b7518bfe8'),(2201,'437c68625cedc7c4109ca5c0db5ae8bc5e55279d'),(2202,'039039a7bd6a7aaf84b02f1d40dfa11aca5d2df2'),(2203,'ba84764c5706c4f2d85e53082601f345fb3b9ec9'),(2204,'ec0fbbebac8787c2dcf8f7e546ee3eaea3b35a45'),(2205,'672f7fedf4950ae46e44431dbc80de21505e9e8e'),(2206,'748988ab8a39e84f662128ef6a50aaa5a72d5d6b'),(2207,'3d3284bad4a3f7d3e01fba5b307c9276c08aa85e'),(2208,'325d3f36fcf48004ccc2af5a4237da521b5b1bca'),(2209,'3c0b6c40284b945e1518d6d771ccda230d6a7378'),(2210,'534a70208888de45ae69976ecc540ee1aacb977f'),(2211,'2200f1a896179264abf5770b65289401861c257f'),(2212,'50b2263cb1f361d66801121e7d795caf453d8c44'),(2213,'b8e357c8fca1794345d790c21b2881bffa2d7d70'),(2214,'1351eef891a751cb8f55e5f009c970f6f9cf5ffc'),(2215,'62195f5b24b712ee6eaf500dc2ae02299cef8fbf'),(2216,'6d62c4d3fce228a4fe25a5ac7afb1a8fa2bb7189'),(2217,'08a0be011f9f15de7d35a6af3d0e6db5ebae35b5'),(2218,'a70ac23de1b5547b7bbf5d9fa50a5346e0a16381'),(2219,'c360715824904faa5bdb2df5885710a3ebc2f9bb'),(2220,'2eea4f16df1d252cec5f3142ad11c1d006f674b4'),(2221,'00507bc870691175f1f8216cdd2e5d05646517a9'),(2222,'b0d7d09456df26ae72af9434263d9393702f8e30'),(2223,'fe80ba1b9ae001a35fcbcfa60140fea95fdf9f1b'),(2224,'63da3863da1e28b72fc7083762b26d1f3e6512ba'),(2225,'996c404e19c5d1ca4921ad5ddf43b326d59f8108'),(2226,'5d377946ee591cb272bad086f2e57625a1511a46'),(2227,'0bf44762758a335fd6e0aa05a6f5473af7dd3733'),(2228,'c0c317f68396643128797d2512d3c3ed03f54cf5'),(2229,'eed7aa5d3422ceaf0206d2ac14e7d58da1672265'),(2230,'dfe70cb5306b7c02a89ab8755fa773407fa729f3'),(2231,'973016afa6228e9a405ca1f6cd4bb761939ae797'),(2232,'b0c1aef3ae85f5dc714a0a7c69164787334d2089'),(2233,'1a66d2baa60ba420e2cd8cf48efaffb00a44738e'),(2234,'50b404eea48d485a605420692768d26f953e4073'),(2235,'f8387d125bbdee0500caab443b9ac347e5e79b0e'),(2236,'d37f515a716ab6344d75e38066a79324c3daf20c'),(2237,'9538e504b90cc3b185cdc19563aeba5dc9347221'),(2238,'b102d70061a96390e8ef9dd7c388be83da018b85'),(2239,'15ac79e1064f524cd8a27543eeffabf82956e39a'),(2240,'e113d59309e5454123c806564a3bec024682fdf6'),(2241,'1186e00758ae93d539a901e80a3f50cdf8c08fcb'),(2242,'0d755d32f4f8a936e2e68a1067aa6ada2b24b7c1'),(2243,'cecddd5156de204b1797207b2b670c609adccb59'),(2244,'be1ecc9b63bcb57b95b39f603c20a4b37ad30eee'),(2245,'a7c1d680d2fb048067c2666004ad628e6d35bf47'),(2246,'169117ba1620c406a5e0511a9f3eba77782f6722'),(2247,'3b42f530160d95dbef8ab75262e35e3c6e14eb6b'),(2248,'a64406b7aa832d47d98ddef4361428629ada9dab'),(2249,'1fa414ea5e144bab13bb089ad2e90fe180bbb28e'),(2250,'4829ee478708a52a2e03cfc5a05a6e265d30b2e2'),(2251,'669afc937043d12487aa295919dade5a3736a179'),(2252,'c1b0b6c1c7acfff3caed7e024eacc0eafa4a802b'),(2253,'86a22667c135aa4c3d8266501c523858a92aa82d'),(2254,'c4cd017172674a5eafa2afd711e912d80f2710ef'),(2255,'d4b4b8736ecab77bce1d9e39b50faee5497823e8'),(2256,'16fe1bb6aeca967dfae00bac56e67e0087ac52da'),(2257,'673b924d8fab2490caf7786813af91fd513b51a7'),(2258,'399ed239617f613b37e798cf1683510bce84b27f'),(2259,'ef198a68135a545aff74ec94686b755a33c6a5cd'),(2260,'043fe86d5f63f709488151d585b0a09d9995a37d'),(2261,'99c93d202cd9761009ec155380a19918033de13c'),(2262,'0dc764f5846d4c071e422a4d2cbb55a1c6f48c04'),(2263,'00df9f304730aaf97be59f4f7a40dd158aaeed30'),(2264,'468024ba3b433faea468eedc8392ceb6908a7b78'),(2265,'68e4aee9773209428740097828e411709f0b9b8b'),(2266,'6c22d657f2d1c2289201ab1fff997b3959ddccbf'),(2267,'c753fd5a7e55aacb8097f7d9f0a317d43734eab8'),(2268,'520ee00a8dfdb28d430aef0e1bbd7e12f94edbeb'),(2269,'8a2cb6fda10ff8ae562342e3002a3f72725caf17'),(2270,'04ca1aa73afe5e9f736320b07bc32757e3e12362'),(2271,'0fbd34fa437ee24a85e72712413d9ed392014e76'),(2272,'dba4845ffa809c22875c5bbf83d5e9fc9ffd5e7b'),(2273,'94b808ee5c6cd9bbe17b490394853528dcd8410c'),(2274,'0809ebd63f0a3d5595181d9466315fcc41f6e40b'),(2275,'4cdb1fdcc6ce306687eaab29b289ed248ef648a5'),(2276,'315c0635ab5411fb18b4d3c0750d4a3efed97e93'),(2277,'a1b0e787691f8c3727c062bcc840f8e2af0354ca'),(2278,'845e80cd1ff1ce65374bf02aceb4449111fa03a0'),(2279,'1008a131dec7894c8802a597a2512eb2adbfd30a'),(2280,'408a2bc841278503305973b29dfa59fe0976a2ec'),(2281,'1c1fae777641799a29e1b6c7dbef7daa9ef381eb'),(2282,'bb933632306ea2531ccdcd90bb7f65108600c99d'),(2283,'50091fb98e7a8451a05a954832c6f779e110ec7d'),(2284,'f0bb8ed57284bb3da55ba72c64ad95098a65d9b3'),(2285,'c23f16a0fcf40f268aec842ae5d70d5c16fccb39'),(2286,'57ac11d69b93e06ab8f0956922eebd5f146574bb'),(2287,'13322745da870a523036bd2e34d0127a5e88b675'),(2288,'7757cc600c607c393dc9b0bc9a4c2b382886fcef'),(2289,'df3b40c2be7cdc387599c6b2cf208da02c2c4687'),(2290,'377e0accfd5090c8b22137ccc35e323b13a053df'),(2291,'1899d464c3dce97b91c466fbc14d0b846d34af9d'),(2292,'29781db92288b7fe8879e0b62312994f5872b12d'),(2293,'ebda69fb04306ab45d7b94425ebb0e634d6d9699'),(2294,'4359250d91075e34971bfd65f38303c1e3f05aaa'),(2295,'2fc90b450303a1e1daba3f8212340d86c0c09be4'),(2296,'0a456706b8fb083e0abf02a06374334efbe1ecc4'),(2297,'b14992e3bb49d142cddc4c1b399d6474d6e0a459'),(2298,'7325078ee5c2e34d4cb689ab09a5e16c35a8ed8d'),(2299,'79be1d10dd2a4b341af8cb18c370b7b2f95afab6'),(2300,'c2c0c17a9aa40ac59a1b955221353f927cfdf839'),(2301,'f65e2d157de7d087a02a59ead627177df6100634'),(2302,'3bd4f03e36220e9c6dafe9da6d0c1f32b340e81b'),(2303,'279e66d933943290726d6f2cff110892cb83b6d0'),(2304,'415f9c2b2ba64d9d204f4ece3ede2871df5196e0');
/*!40000 ALTER TABLE `userstokens` ENABLE KEYS */;
UNLOCK TABLES;
/*!40103 SET TIME_ZONE=@OLD_TIME_ZONE */;

/*!40101 SET SQL_MODE=@OLD_SQL_MODE */;
/*!40014 SET FOREIGN_KEY_CHECKS=@OLD_FOREIGN_KEY_CHECKS */;
/*!40014 SET UNIQUE_CHECKS=@OLD_UNIQUE_CHECKS */;
/*!40101 SET CHARACTER_SET_CLIENT=@OLD_CHARACTER_SET_CLIENT */;
/*!40101 SET CHARACTER_SET_RESULTS=@OLD_CHARACTER_SET_RESULTS */;
/*!40101 SET COLLATION_CONNECTION=@OLD_COLLATION_CONNECTION */;
/*!40111 SET SQL_NOTES=@OLD_SQL_NOTES */;

-- Dump completed on 2017-08-09 15:08:09
